nser,dim,orig_eps,orig_l1,vdbm_nb,vdbm_l1,eps,delta,num_bit,setup,computing,proving,verifying,comm,l1,l2
2,16,0.001,23999.99799999937,232658555,137690.68468638035,0.0010299027034834651,3.832433913684342e-11,366,0.0203214,4.45182,27.5247,15.3167,4284576,27986,9509.796948410623
2,16,0.01,2399.9799998000135,2529927,14358.168354924823,0.010229091805857848,6.3754518451138156e-12,285,0.0127684,3.45587,21.5621,11.8979,3336384,3045,1007.345521655802
2,16,0.1,239.79980092265015,28452,1522.6547664245861,0.10146565545447173,3.802164711137073e-13,230,0.00765066,2.79246,17.278,9.61245,2696032,137,49.68903299521938
2,16,1.0,21.87575904051089,331,164.2324770429701,1.0069026891786528,5.811828035869712e-15,159,0.00734362,1.94305,11.8687,6.66513,1866240,23,7.14142842854285
2,64,0.001,95999.99199999748,232658555,550762.7387455214,0.0010299027034834651,3.832433913684342e-11,366,0.0372128,17.9816,103.969,15.3437,4290720,79908,12640.265661765183
2,64,0.01,9599.919999200054,2529927,57432.67341969929,0.010229091805857848,6.3754518451138156e-12,285,0.0337349,14.0386,81.7176,12.0033,3342528,8770,1644.596607074209
2,64,0.1,959.1992036906006,28452,6090.6190656983445,0.10146565545447173,3.802164711137073e-13,230,0.0426107,11.332,65.4831,9.65422,2702176,916,152.6892268629323
2,64,1.0,87.50303616204356,331,656.9299081718804,1.0069026891786528,5.811828035869712e-15,159,0.0360591,7.89502,44.4622,6.66866,1872384,75,11.874342087037917
2,256,0.001,383999.9679999899,232658555,2203050.9549820856,0.0010299027034834651,3.832433913684342e-11,366,0.117625,72.2423,416.075,15.7996,4315296,383542,32112.09610100219
2,256,0.01,38399.679996800216,2529927,229730.69367879716,0.010229091805857848,6.3754518451138156e-12,285,0.117186,56.2657,323.852,12.2868,3367104,37661,3133.105647755913
2,256,0.1,3836.7968147624024,28452,24362.476262793378,0.10146565545447173,3.802164711137073e-13,230,0.118004,45.4732,259.563,9.87451,2726752,3909,339.418620585259
2,256,1.0,350.0121446481742,331,2627.7196326875214,1.0069026891786528,5.811828035869712e-15,159,0.116003,31.486,177.821,6.78662,1896960,320,28.600699292150182
2,1024,0.001,1535999.8719999597,232658555,8812203.819928342,0.0010299027034834651,3.832433913684342e-11,366,0.418007,290.341,1679.65,17.8049,4413600,1459928,61268.80233854747
2,1024,0.01,153598.71998720086,2529927,918922.7747151887,0.010229091805857848,6.3754518451138156e-12,285,0.416427,226.327,1305.34,13.6224,3465408,147413,5936.254964200914
2,1024,0.1,15347.18725904961,28452,97449.90505117351,0.10146565545447173,3.802164711137073e-13,230,0.414652,182.586,1048.79,10.9956,2825056,16079,681.0660760895378
2,1024,1.0,1400.048578592697,331,10510.878530750086,1.0069026891786528,5.811828035869712e-15,159,0.414567,126.41,716.168,7.36292,1995264,1388,60.597029630172464
2,4096,0.001,6143999.487999839,232658555,35248815.27971337,0.0010299027034834651,3.832433913684342e-11,366,1.61596,1166,6807.11,26.4916,4806816,6092230,126160.4831078258
2,4096,0.01,614394.8799488035,2529927,3675691.0988607546,0.010229091805857848,6.3754518451138156e-12,285,1.61474,909.585,5297.51,20.4509,3858624,612378,12873.530518082442
2,4096,0.1,61388.74903619844,28452,389799.62020469405,0.10146565545447173,3.802164711137073e-13,230,1.61746,733.335,4261.09,15.8724,3218272,61860,1284.3877919071015
2,4096,1.0,5600.194314370788,331,42043.51412300034,1.0069026891786528,5.811828035869712e-15,159,1.61684,508.381,2908.79,10.2109,2388480,5536,120.59850745345068
2,16,0.001,23999.99799999937,232658555,137690.68468638035,0.0010299027034834651,3.832433913684342e-11,366,0.0188703,4.43848,27.5326,15.2918,4284576,28195,9273.405469405508
2,16,0.01,2399.9799998000135,2529927,14358.168354924823,0.010229091805857848,6.3754518451138156e-12,285,0.0100878,3.48461,21.9018,12.0612,3336384,2299,746.7804228821213
2,16,0.1,239.79980092265015,28452,1522.6547664245861,0.10146565545447173,3.802164711137073e-13,230,0.0182599,2.81093,17.3578,9.6547,2696032,234,77.23988606931007
2,16,1.0,21.87575904051089,331,164.2324770429701,1.0069026891786528,5.811828035869712e-15,159,0.007358,1.95047,11.8492,6.66518,1866240,19,7.937253933193772
2,64,0.001,95999.99199999748,232658555,550762.7387455214,0.0010299027034834651,3.832433913684342e-11,366,0.0372522,17.9967,103.775,15.3417,4290720,111031,18193.892684084953
2,64,0.01,9599.919999200054,2529927,57432.67341969929,0.010229091805857848,6.3754518451138156e-12,285,0.0422334,14.0238,81.3176,11.9649,3342528,7625,1179.4604698759513
2,64,0.1,959.1992036906006,28452,6090.6190656983445,0.10146565545447173,3.802164711137073e-13,230,0.0427892,11.3357,65.4515,9.65081,2702176,906,145.29280780547947
2,64,1.0,87.50303616204356,331,656.9299081718804,1.0069026891786528,5.811828035869712e-15,159,0.0370694,7.86621,44.6848,6.66897,1872384,118,19.28730152198591
2,256,0.001,383999.9679999899,232658555,2203050.9549820856,0.0010299027034834651,3.832433913684342e-11,366,0.117017,72.2411,414.167,15.7812,4315296,401754,32074.93965699702
2,256,0.01,38399.679996800216,2529927,229730.69367879716,0.010229091805857848,6.3754518451138156e-12,285,0.116045,56.3451,323.549,12.3074,3367104,41147,3331.1359924206035
2,256,0.1,3836.7968147624024,28452,24362.476262793378,0.10146565545447173,3.802164711137073e-13,230,0.116802,45.4721,259.264,9.87483,2726752,3497,287.4212935744323
2,256,1.0,350.0121446481742,331,2627.7196326875214,1.0069026891786528,5.811828035869712e-15,159,0.116988,31.581,178.873,6.81221,1896960,355,32.7566787083184
2,1024,0.001,1535999.8719999597,232658555,8812203.819928342,0.0010299027034834651,3.832433913684342e-11,366,0.417301,290.129,1680.85,17.8687,4413600,1498205,62132.03015353675
2,1024,0.01,153598.71998720086,2529927,918922.7747151887,0.010229091805857848,6.3754518451138156e-12,285,0.416005,226.425,1307.72,13.8466,3465408,151943,6325.241260220831
2,1024,0.1,15347.18725904961,28452,97449.90505117351,0.10146565545447173,3.802164711137073e-13,230,0.416486,182.606,1048.48,10.9091,2825056,14950,622.732687434986
2,1024,1.0,1400.048578592697,331,10510.878530750086,1.0069026891786528,5.811828035869712e-15,159,0.414551,126.389,714.946,7.36132,1995264,1304,58.770741019660456
2,4096,0.001,6143999.487999839,232658555,35248815.27971337,0.0010299027034834651,3.832433913684342e-11,366,1.61741,1165.97,6808.72,26.5336,4806816,6126266,126669.86664554439
2,4096,0.01,614394.8799488035,2529927,3675691.0988607546,0.010229091805857848,6.3754518451138156e-12,285,1.61649,908.705,5284.72,20.4542,3858624,621185,12942.868036103899
2,4096,0.1,61388.74903619844,28452,389799.62020469405,0.10146565545447173,3.802164711137073e-13,230,1.61671,734.162,4244.71,15.8421,3218272,62072,1298.1386674774
2,4096,1.0,5600.194314370788,331,42043.51412300034,1.0069026891786528,5.811828035869712e-15,159,1.61519,507.588,2910.39,10.5785,2388480,5643,124.50301201175817
2,16,0.001,23999.99799999937,232658555,137690.68468638035,0.0010299027034834651,3.832433913684342e-11,366,0.0188243,4.43376,27.3309,15.2646,4284576,27966,8078.811422480413
2,16,0.01,2399.9799998000135,2529927,14358.168354924823,0.010229091805857848,6.3754518451138156e-12,285,0.0165091,3.4692,21.4067,11.9088,3336384,2686,866.864464607934
2,16,0.1,239.79980092265015,28452,1522.6547664245861,0.10146565545447173,3.802164711137073e-13,230,0.0201189,2.80305,17.3808,9.63721,2696032,188,60.398675482166
2,16,1.0,21.87575904051089,331,164.2324770429701,1.0069026891786528,5.811828035869712e-15,159,0.00736199,1.93957,11.8633,6.65566,1866240,20,6.0
2,64,0.001,95999.99199999748,232658555,550762.7387455214,0.0010299027034834651,3.832433913684342e-11,366,0.0407878,18.0153,103.942,15.3594,4290720,98314,16248.570952548413
2,64,0.01,9599.919999200054,2529927,57432.67341969929,0.010229091805857848,6.3754518451138156e-12,285,0.0441773,14.0385,81.6321,11.9834,3342528,10274,1659.1401387465737
2,64,0.1,959.1992036906006,28452,6090.6190656983445,0.10146565545447173,3.802164711137073e-13,230,0.0420503,11.3463,64.9807,9.65036,2702176,1091,168.92305940871424
2,64,1.0,87.50303616204356,331,656.9299081718804,1.0069026891786528,5.811828035869712e-15,159,0.0418757,7.87634,44.3883,6.65916,1872384,90,15.297058540778355
2,256,0.001,383999.9679999899,232658555,2203050.9549820856,0.0010299027034834651,3.832433913684342e-11,366,0.108123,72.285,415.768,15.7926,4315296,381297,30553.416879295186
2,256,0.01,38399.679996800216,2529927,229730.69367879716,0.010229091805857848,6.3754518451138156e-12,285,0.117651,56.286,323.647,12.2964,3367104,37873,3079.4056244671633
2,256,0.1,3836.7968147624024,28452,24362.476262793378,0.10146565545447173,3.802164711137073e-13,230,0.116977,45.4735,258.653,9.85058,2726752,3782,319.343075703858
2,256,1.0,350.0121446481742,331,2627.7196326875214,1.0069026891786528,5.811828035869712e-15,159,0.116421,31.5316,176.914,6.78728,1896960,374,31.74901573277509
2,1024,0.001,1535999.8719999597,232658555,8812203.819928342,0.0010299027034834651,3.832433913684342e-11,366,0.417163,290.314,1678.55,17.679,4413600,1597203,65924.95274931943
2,1024,0.01,153598.71998720086,2529927,918922.7747151887,0.010229091805857848,6.3754518451138156e-12,285,0.415991,226.085,1303.34,13.7918,3465408,155355,6473.70226377457
2,1024,0.1,15347.18725904961,28452,97449.90505117351,0.10146565545447173,3.802164711137073e-13,230,0.416397,182.701,1048.3,10.9047,2825056,15336,636.9992150701601
2,1024,1.0,1400.048578592697,331,10510.878530750086,1.0069026891786528,5.811828035869712e-15,159,0.415926,126.32,715.283,7.52677,1995264,1460,64.26507605223851
2,4096,0.001,6143999.487999839,232658555,35248815.27971337,0.0010299027034834651,3.832433913684342e-11,366,1.61638,1165.58,6806.39,26.8694,4806816,6058191,127283.74169940165
2,4096,0.01,614394.8799488035,2529927,3675691.0988607546,0.010229091805857848,6.3754518451138156e-12,285,1.61827,908.018,5282.78,20.3942,3858624,620055,12916.357497375178
2,4096,0.1,61388.74903619844,28452,389799.62020469405,0.10146565545447173,3.802164711137073e-13,230,1.61539,733.275,4254.96,15.8387,3218272,61018,1281.0565951588555
2,4096,1.0,5600.194314370788,331,42043.51412300034,1.0069026891786528,5.811828035869712e-15,159,1.6152,507.386,2913.92,10.1797,2388480,5626,123.2152587953294
2,16,0.001,23999.99799999937,232658555,137690.68468638035,0.0010299027034834651,3.832433913684342e-11,366,0.0185172,4.43408,27.4533,15.2678,4284576,16683,5113.113043929305
2,16,0.01,2399.9799998000135,2529927,14358.168354924823,0.010229091805857848,6.3754518451138156e-12,285,0.0106279,3.46175,21.3995,11.9076,3336384,2059,694.6704254536824
2,16,0.1,239.79980092265015,28452,1522.6547664245861,0.10146565545447173,3.802164711137073e-13,230,0.0182407,2.813,17.4445,9.67488,2696032,221,67.90434448545984
2,16,1.0,21.87575904051089,331,164.2324770429701,1.0069026891786528,5.811828035869712e-15,159,0.00737096,1.94176,11.8447,6.65507,1866240,32,10.770329614269007
2,64,0.001,95999.99199999748,232658555,550762.7387455214,0.0010299027034834651,3.832433913684342e-11,366,0.043348,17.9803,103.85,15.3377,4290720,106667,17158.27878896948
2,64,0.01,9599.919999200054,2529927,57432.67341969929,0.010229091805857848,6.3754518451138156e-12,285,0.0436001,14.0244,81.4068,11.967,3342528,10074,1891.3603569917607
2,64,0.1,959.1992036906006,28452,6090.6190656983445,0.10146565545447173,3.802164711137073e-13,230,0.0427975,11.3341,65.2302,9.64802,2702176,883,134.56968455042167
2,64,1.0,87.50303616204356,331,656.9299081718804,1.0069026891786528,5.811828035869712e-15,159,0.0422828,7.8594,44.7403,6.67565,1872384,96,17.60681686165901
2,256,0.001,383999.9679999899,232658555,2203050.9549820856,0.0010299027034834651,3.832433913684342e-11,366,0.117525,72.2255,415.423,15.7833,4315296,344873,28838.140283312307
2,256,0.01,38399.679996800216,2529927,229730.69367879716,0.010229091805857848,6.3754518451138156e-12,285,0.117898,56.2759,324.485,12.2733,3367104,39353,3198.7377197888545
2,256,0.1,3836.7968147624024,28452,24362.476262793378,0.10146565545447173,3.802164711137073e-13,230,0.117046,45.4415,259.137,9.85128,2726752,3526,299.7131962393381
2,256,1.0,350.0121446481742,331,2627.7196326875214,1.0069026891786528,5.811828035869712e-15,159,0.11726,31.4639,176.733,6.77291,1896960,360,32.03123475609393
2,1024,0.001,1535999.8719999597,232658555,8812203.819928342,0.0010299027034834651,3.832433913684342e-11,366,0.416498,290.173,1679.79,17.7663,4413600,1585168,66426.74748924562
2,1024,0.01,153598.71998720086,2529927,918922.7747151887,0.010229091805857848,6.3754518451138156e-12,285,0.415561,226.005,1309.98,13.8846,3465408,155525,6546.861309054897
2,1024,0.1,15347.18725904961,28452,97449.90505117351,0.10146565545447173,3.802164711137073e-13,230,0.41731,182.735,1051.15,11.0073,2825056,15700,647.8857924048034
2,1024,1.0,1400.048578592697,331,10510.878530750086,1.0069026891786528,5.811828035869712e-15,159,0.415078,126.335,717.179,7.36168,1995264,1418,62.48199740725323
2,4096,0.001,6143999.487999839,232658555,35248815.27971337,0.0010299027034834651,3.832433913684342e-11,366,1.6168,1165.27,6798.51,26.4492,4806816,6146040,128847.06755685207
2,4096,0.01,614394.8799488035,2529927,3675691.0988607546,0.010229091805857848,6.3754518451138156e-12,285,1.61614,908.096,5285.93,20.3972,3858624,627213,13070.134926618011
2,4096,0.1,61388.74903619844,28452,389799.62020469405,0.10146565545447173,3.802164711137073e-13,230,1.6149,733.175,4254.26,15.8352,3218272,61214,1271.7153769613703
2,4096,1.0,5600.194314370788,331,42043.51412300034,1.0069026891786528,5.811828035869712e-15,159,1.61537,507.393,2902.21,10.5699,2388480,5538,122.27837094106218
2,16,0.001,23999.99799999937,232658555,137690.68468638035,0.0010299027034834651,3.832433913684342e-11,366,0.0181879,4.4428,27.452,15.272,4284576,28156,9163.316648463044
2,16,0.01,2399.9799998000135,2529927,14358.168354924823,0.010229091805857848,6.3754518451138156e-12,285,0.0124049,3.47622,21.5887,11.9589,3336384,3437,1030.4411676558734
2,16,0.1,239.79980092265015,28452,1522.6547664245861,0.10146565545447173,3.802164711137073e-13,230,0.0200563,2.80396,17.3978,9.65843,2696032,199,70.61869440877535
2,16,1.0,21.87575904051089,331,164.2324770429701,1.0069026891786528,5.811828035869712e-15,159,0.00738429,1.95862,11.8305,6.68354,1866240,13,5.196152422706632
2,64,0.001,95999.99199999748,232658555,550762.7387455214,0.0010299027034834651,3.832433913684342e-11,366,0.0424433,17.9776,103.909,15.343,4290720,92444,15155.029990072602
2,64,0.01,9599.919999200054,2529927,57432.67341969929,0.010229091805857848,6.3754518451138156e-12,285,0.0420219,14.0253,81.5808,11.9671,3342528,8629,1379.34875937886
2,64,0.1,959.1992036906006,28452,6090.6190656983445,0.10146565545447173,3.802164711137073e-13,230,0.0426571,11.339,65.5793,9.65975,2702176,959,157.0764145249057
2,64,1.0,87.50303616204356,331,656.9299081718804,1.0069026891786528,5.811828035869712e-15,159,0.0435783,7.88101,44.6023,6.66103,1872384,69,11.874342087037917
2,256,0.001,383999.9679999899,232658555,2203050.9549820856,0.0010299027034834651,3.832433913684342e-11,366,0.117779,72.234,414.494,15.7795,4315296,428204,35270.18888523281
2,256,0.01,38399.679996800216,2529927,229730.69367879716,0.010229091805857848,6.3754518451138156e-12,285,0.116395,56.2668,323.068,12.2955,3367104,40039,3360.7789275702144
2,256,0.1,3836.7968147624024,28452,24362.476262793378,0.10146565545447173,3.802164711137073e-13,230,0.11791,45.4715,260.445,9.87732,2726752,3953,321.88973267254113
2,256,1.0,350.0121446481742,331,2627.7196326875214,1.0069026891786528,5.811828035869712e-15,159,0.11622,31.4894,176.872,6.77601,1896960,320,28.284271247461902
2,1024,0.001,1535999.8719999597,232658555,8812203.819928342,0.0010299027034834651,3.832433913684342e-11,366,0.416718,290.161,1676.26,17.7508,4413600,1539592,64257.125892775504
2,1024,0.01,153598.71998720086,2529927,918922.7747151887,0.010229091805857848,6.3754518451138156e-12,285,0.414638,226.053,1305.43,13.8002,3465408,144221,6027.711257185433
2,1024,0.1,15347.18725904961,28452,97449.90505117351,0.10146565545447173,3.802164711137073e-13,230,0.416731,182.497,1048.82,10.919,2825056,15443,638.0101880064299
2,1024,1.0,1400.048578592697,331,10510.878530750086,1.0069026891786528,5.811828035869712e-15,159,0.416447,126.375,718.909,7.44992,1995264,1383,61.032778078668514
2,4096,0.001,6143999.487999839,232658555,35248815.27971337,0.0010299027034834651,3.832433913684342e-11,366,1.61537,1165.48,6803.81,26.8468,4806816,6269206,129327.45771876906
2,4096,0.01,614394.8799488035,2529927,3675691.0988607546,0.010229091805857848,6.3754518451138156e-12,285,1.61557,908.129,5288.99,20.8027,3858624,607239,12628.765141533038
2,4096,0.1,61388.74903619844,28452,389799.62020469405,0.10146565545447173,3.802164711137073e-13,230,1.61911,734.082,4250.52,15.8353,3218272,61664,1281.9375959850777
2,4096,1.0,5600.194314370788,331,42043.51412300034,1.0069026891786528,5.811828035869712e-15,159,1.6219,507.756,2912.79,10.2109,2388480,5624,123.73358476985948
2,16,0.001,23999.99799999937,232658555,137690.68468638035,0.0010299027034834651,3.832433913684342e-11,366,0.0192269,4.47285,27.5551,15.3784,4284576,24371,7884.512603832909
2,16,0.01,2399.9799998000135,2529927,14358.168354924823,0.010229091805857848,6.3754518451138156e-12,285,0.0120775,3.4622,21.6254,11.9462,3336384,2419,740.4964550894217
2,16,0.1,239.79980092265015,28452,1522.6547664245861,0.10146565545447173,3.802164711137073e-13,230,0.0184823,2.81287,17.4426,9.66995,2696032,231,84.52810183601665
2,16,1.0,21.87575904051089,331,164.2324770429701,1.0069026891786528,5.811828035869712e-15,159,0.00737712,1.94494,11.874,6.684,1866240,19,5.5677643628300215
2,64,0.001,95999.99199999748,232658555,550762.7387455214,0.0010299027034834651,3.832433913684342e-11,366,0.0381549,17.9827,104.24,15.3447,4290720,81952,14479.225324581423
2,64,0.01,9599.919999200054,2529927,57432.67341969929,0.010229091805857848,6.3754518451138156e-12,285,0.0417971,14.0294,81.4913,11.9652,3342528,9838,1495.6537032348097
2,64,0.1,959.1992036906006,28452,6090.6190656983445,0.10146565545447173,3.802164711137073e-13,230,0.0411412,11.3331,65.6154,9.65718,2702176,836,133.5065541462291
2,64,1.0,87.50303616204356,331,656.9299081718804,1.0069026891786528,5.811828035869712e-15,159,0.0422208,7.86876,44.3214,6.64456,1872384,106,16.673332000533065
2,256,0.001,383999.9679999899,232658555,2203050.9549820856,0.0010299027034834651,3.832433913684342e-11,366,0.11697,72.2024,415.171,15.7844,4315296,362973,28830.427277444225
2,256,0.01,38399.679996800216,2529927,229730.69367879716,0.010229091805857848,6.3754518451138156e-12,285,0.116632,56.2615,323.602,12.298,3367104,40076,3328.1328098499916
2,256,0.1,3836.7968147624024,28452,24362.476262793378,0.10146565545447173,3.802164711137073e-13,230,0.11686,45.4693,259.468,9.8614,2726752,3896,321.434285663493
2,256,1.0,350.0121446481742,331,2627.7196326875214,1.0069026891786528,5.811828035869712e-15,159,0.118758,31.4879,176.985,6.78246,1896960,364,32.58834147360065
2,1024,0.001,1535999.8719999597,232658555,8812203.819928342,0.0010299027034834651,3.832433913684342e-11,366,0.416462,290.116,1678.37,17.7652,4413600,1617500,67360.22894854203
2,1024,0.01,153598.71998720086,2529927,918922.7747151887,0.010229091805857848,6.3754518451138156e-12,285,0.415363,226.148,1304.22,13.7952,3465408,151467,6385.385109764328
2,1024,0.1,15347.18725904961,28452,97449.90505117351,0.10146565545447173,3.802164711137073e-13,230,0.415042,182.612,1047.75,11.009,2825056,15254,635.5108181612646
2,1024,1.0,1400.048578592697,331,10510.878530750086,1.0069026891786528,5.811828035869712e-15,159,0.416539,126.437,718.333,7.44594,1995264,1345,60.868711174132805
2,4096,0.001,6143999.487999839,232658555,35248815.27971337,0.0010299027034834651,3.832433913684342e-11,366,1.61751,1165.87,6805.23,26.8523,4806816,6174061,128162.53158002147
2,4096,0.01,614394.8799488035,2529927,3675691.0988607546,0.010229091805857848,6.3754518451138156e-12,285,1.61398,908.032,5290.64,20.4083,3858624,616674,12845.969251091954
2,4096,0.1,61388.74903619844,28452,389799.62020469405,0.10146565545447173,3.802164711137073e-13,230,1.61739,733.167,4250.11,15.8273,3218272,60838,1273.1614194594495
2,4096,1.0,5600.194314370788,331,42043.51412300034,1.0069026891786528,5.811828035869712e-15,159,1.62424,507.814,2906.88,10.1987,2388480,5655,123.92336341465236
2,16,0.001,23999.99799999937,232658555,137690.68468638035,0.0010299027034834651,3.832433913684342e-11,366,0.018955,4.43533,27.4141,15.2638,4284576,25961,9288.5442885309
2,16,0.01,2399.9799998000135,2529927,14358.168354924823,0.010229091805857848,6.3754518451138156e-12,285,0.0125451,3.52092,21.886,12.1186,3336384,1693,574.1123583411178
2,16,0.1,239.79980092265015,28452,1522.6547664245861,0.10146565545447173,3.802164711137073e-13,230,0.0184293,2.8053,17.3754,9.66981,2696032,303,98.39207285142437
2,16,1.0,21.87575904051089,331,164.2324770429701,1.0069026891786528,5.811828035869712e-15,159,0.00734464,1.94133,11.7211,6.62952,1866240,20,5.656854249492381
2,64,0.001,95999.99199999748,232658555,550762.7387455214,0.0010299027034834651,3.832433913684342e-11,366,0.043219,17.9699,103.97,15.3406,4290720,112893,18614.257788050534
2,64,0.01,9599.919999200054,2529927,57432.67341969929,0.010229091805857848,6.3754518451138156e-12,285,0.0414453,14.0175,81.317,11.9618,3342528,9027,1499.5736060627366
2,64,0.1,959.1992036906006,28452,6090.6190656983445,0.10146565545447173,3.802164711137073e-13,230,0.0430364,11.3749,65.2582,9.67271,2702176,1069,186.1907623916933
2,64,1.0,87.50303616204356,331,656.9299081718804,1.0069026891786528,5.811828035869712e-15,159,0.043426,7.8726,44.6136,6.6611,1872384,79,13.30413469565007
2,256,0.001,383999.9679999899,232658555,2203050.9549820856,0.0010299027034834651,3.832433913684342e-11,366,0.117735,72.2008,414.768,15.7543,4315296,449661,37912.766306351215
2,256,0.01,38399.679996800216,2529927,229730.69367879716,0.010229091805857848,6.3754518451138156e-12,285,0.116453,56.3056,323.535,12.2943,3367104,38114,3211.397515101486
2,256,0.1,3836.7968147624024,28452,24362.476262793378,0.10146565545447173,3.802164711137073e-13,230,0.117287,45.4663,260.031,9.88945,2726752,3779,317.9858487417325
2,256,1.0,350.0121446481742,331,2627.7196326875214,1.0069026891786528,5.811828035869712e-15,159,0.11821,31.503,176.334,6.77615,1896960,352,30.62678566222711
2,1024,0.001,1535999.8719999597,232658555,8812203.819928342,0.0010299027034834651,3.832433913684342e-11,366,0.418052,290.135,1678.07,17.6824,4413600,1517119,63672.572501823735
2,1024,0.01,153598.71998720086,2529927,918922.7747151887,0.010229091805857848,6.3754518451138156e-12,285,0.418685,226.05,1307.64,13.7966,3465408,147078,6135.767596641842
2,1024,0.1,15347.18725904961,28452,97449.90505117351,0.10146565545447173,3.802164711137073e-13,230,0.417799,182.568,1048.36,11.0116,2825056,15354,641.4561559452056
2,1024,1.0,1400.048578592697,331,10510.878530750086,1.0069026891786528,5.811828035869712e-15,159,0.416532,126.578,718.136,7.36636,1995264,1456,64.01562309311689
2,4096,0.001,6143999.487999839,232658555,35248815.27971337,0.0010299027034834651,3.832433913684342e-11,366,1.61523,1165.99,6806.95,26.4647,4806816,6137653,128707.59865291559
2,4096,0.01,614394.8799488035,2529927,3675691.0988607546,0.010229091805857848,6.3754518451138156e-12,285,1.61872,908.446,5286.2,20.4069,3858624,607474,12631.287424486864
2,4096,0.1,61388.74903619844,28452,389799.62020469405,0.10146565545447173,3.802164711137073e-13,230,1.60931,733.318,4258.69,15.8357,3218272,61327,1269.1575946272394
2,4096,1.0,5600.194314370788,331,42043.51412300034,1.0069026891786528,5.811828035869712e-15,159,1.62325,507.527,2898.05,10.1874,2388480,5619,123.95563722558164
2,16,0.001,23999.99799999937,232658555,137690.68468638035,0.0010299027034834651,3.832433913684342e-11,366,0.0180445,4.43525,27.4911,15.288,4284576,18479,5194.494681872337
2,16,0.01,2399.9799998000135,2529927,14358.168354924823,0.010229091805857848,6.3754518451138156e-12,285,0.00764905,3.44833,21.575,11.9132,3336384,2285,811.7333305957073
2,16,0.1,239.79980092265015,28452,1522.6547664245861,0.10146565545447173,3.802164711137073e-13,230,0.0194819,2.80938,17.4527,9.65066,2696032,186,67.08203932499369
2,16,1.0,21.87575904051089,331,164.2324770429701,1.0069026891786528,5.811828035869712e-15,159,0.00739814,1.93776,11.8155,6.6579,1866240,36,11.40175425099138
2,64,0.001,95999.99199999748,232658555,550762.7387455214,0.0010299027034834651,3.832433913684342e-11,366,0.0429536,17.9916,104.418,15.3705,4290720,82672,13818.296494141381
2,64,0.01,9599.919999200054,2529927,57432.67341969929,0.010229091805857848,6.3754518451138156e-12,285,0.0425865,14.0635,81.4423,12.0011,3342528,8982,1616.573536836478
2,64,0.1,959.1992036906006,28452,6090.6190656983445,0.10146565545447173,3.802164711137073e-13,230,0.0423899,11.3379,65.6512,9.66894,2702176,1090,180.13328398716322
2,64,1.0,87.50303616204356,331,656.9299081718804,1.0069026891786528,5.811828035869712e-15,159,0.0421459,7.87558,44.5722,6.66479,1872384,93,16.0312195418814
2,256,0.001,383999.9679999899,232658555,2203050.9549820856,0.0010299027034834651,3.832433913684342e-11,366,0.11643,72.2679,415.749,15.7882,4315296,370148,30896.884050013847
2,256,0.01,38399.679996800216,2529927,229730.69367879716,0.010229091805857848,6.3754518451138156e-12,285,0.116625,56.3014,323.856,12.3014,3367104,38122,3298.995604725778
2,256,0.1,3836.7968147624024,28452,24362.476262793378,0.10146565545447173,3.802164711137073e-13,230,0.116293,45.4633,261.008,9.88824,2726752,3602,292.8207642910591
2,256,1.0,350.0121446481742,331,2627.7196326875214,1.0069026891786528,5.811828035869712e-15,159,0.117636,31.5084,178.081,6.80598,1896960,342,28.705400188814647
2,1024,0.001,1535999.8719999597,232658555,8812203.819928342,0.0010299027034834651,3.832433913684342e-11,366,0.417766,290.145,1676.85,17.6763,4413600,1533440,64012.09620064008
2,1024,0.01,153598.71998720086,2529927,918922.7747151887,0.010229091805857848,6.3754518451138156e-12,285,0.415272,226.016,1302.96,13.7817,3465408,157147,6587.474705833792
2,1024,0.1,15347.18725904961,28452,97449.90505117351,0.10146565545447173,3.802164711137073e-13,230,0.401246,182.521,1048.34,10.9829,2825056,15279,640.3725478188459
2,1024,1.0,1400.048578592697,331,10510.878530750086,1.0069026891786528,5.811828035869712e-15,159,0.416565,126.421,715.972,7.35922,1995264,1365,59.590267661758325
2,4096,0.001,6143999.487999839,232658555,35248815.27971337,0.0010299027034834651,3.832433913684342e-11,366,1.61665,1165.9,6803.52,26.4656,4806816,6194056,129087.5661866781
2,4096,0.01,614394.8799488035,2529927,3675691.0988607546,0.010229091805857848,6.3754518451138156e-12,285,1.61613,908.764,5286.77,20.4336,3858624,600824,12451.23062191043
2,4096,0.1,61388.74903619844,28452,389799.62020469405,0.10146565545447173,3.802164711137073e-13,230,1.61487,733.327,4244.73,15.8276,3218272,62558,1289.5906327203218
2,4096,1.0,5600.194314370788,331,42043.51412300034,1.0069026891786528,5.811828035869712e-15,159,1.6158,507.894,2897.03,10.5689,2388480,5513,122.15973149937749
2,16,0.001,23999.99799999937,232658555,137690.68468638035,0.0010299027034834651,3.832433913684342e-11,366,0.0185034,4.4389,27.2507,15.2425,4284576,19907,6424.92513575061
2,16,0.01,2399.9799998000135,2529927,14358.168354924823,0.010229091805857848,6.3754518451138156e-12,285,0.0106467,3.46272,21.5703,11.9365,3336384,1760,577.9584760170924
2,16,0.1,239.79980092265015,28452,1522.6547664245861,0.10146565545447173,3.802164711137073e-13,230,0.0185721,2.80813,17.3693,9.65861,2696032,202,60.8276253029822
2,16,1.0,21.87575904051089,331,164.2324770429701,1.0069026891786528,5.811828035869712e-15,159,0.00764905,1.9459,11.7969,6.64622,1866240,14,5.0990195135927845
2,64,0.001,95999.99199999748,232658555,550762.7387455214,0.0010299027034834651,3.832433913684342e-11,366,0.0381472,17.994,104.187,15.3549,4290720,94667,16104.636506298426
2,64,0.01,9599.919999200054,2529927,57432.67341969929,0.010229091805857848,6.3754518451138156e-12,285,0.0420902,14.0283,81.4635,11.9883,3342528,10515,1850.2959222783797
2,64,0.1,959.1992036906006,28452,6090.6190656983445,0.10146565545447173,3.802164711137073e-13,230,0.0431225,11.3543,65.283,9.65312,2702176,861,142.48157775656472
2,64,1.0,87.50303616204356,331,656.9299081718804,1.0069026891786528,5.811828035869712e-15,159,0.0431338,7.86558,44.719,6.67385,1872384,83,15.264337522473747
2,256,0.001,383999.9679999899,232658555,2203050.9549820856,0.0010299027034834651,3.832433913684342e-11,366,0.116587,72.2208,415.664,15.7775,4315296,365311,30455.13321264578
2,256,0.01,38399.679996800216,2529927,229730.69367879716,0.010229091805857848,6.3754518451138156e-12,285,0.117014,56.2873,324.482,12.2985,3367104,35704,2898.670384848888
2,256,0.1,3836.7968147624024,28452,24362.476262793378,0.10146565545447173,3.802164711137073e-13,230,0.11656,45.441,260.984,9.90636,2726752,3823,313.105413559076
2,256,1.0,350.0121446481742,331,2627.7196326875214,1.0069026891786528,5.811828035869712e-15,159,0.115814,31.5295,177.375,6.79156,1896960,360,31.654383582688826
2,1024,0.001,1535999.8719999597,232658555,8812203.819928342,0.0010299027034834651,3.832433913684342e-11,366,0.417262,290.302,1680.03,17.7191,4413600,1491968,61295.92100621378
2,1024,0.01,153598.71998720086,2529927,918922.7747151887,0.010229091805857848,6.3754518451138156e-12,285,0.417399,226.031,1303.6,13.7812,3465408,153933,6478.020453811489
2,1024,0.1,15347.18725904961,28452,97449.90505117351,0.10146565545447173,3.802164711137073e-13,230,0.41601,182.528,1048.02,10.9184,2825056,15726,637.0211927400846
2,1024,1.0,1400.048578592697,331,10510.878530750086,1.0069026891786528,5.811828035869712e-15,159,0.416834,126.498,710.78,7.35187,1995264,1440,62.78534860936905
2,4096,0.001,6143999.487999839,232658555,35248815.27971337,0.0010299027034834651,3.832433913684342e-11,366,1.61514,1165.58,6800.88,26.467,4806816,6141561,128828.95306180207
2,4096,0.01,614394.8799488035,2529927,3675691.0988607546,0.010229091805857848,6.3754518451138156e-12,285,1.61543,908.322,5292.76,20.4184,3858624,606688,12711.221499132174
2,4096,0.1,61388.74903619844,28452,389799.62020469405,0.10146565545447173,3.802164711137073e-13,230,1.62019,733.197,4251.75,15.8323,3218272,60948,1267.9944794832506
2,4096,1.0,5600.194314370788,331,42043.51412300034,1.0069026891786528,5.811828035869712e-15,159,1.61546,507.526,2911.27,10.5864,2388480,5555,122.38872497088937
2,16,0.001,23999.99799999937,232658555,137690.68468638035,0.0010299027034834651,3.832433913684342e-11,366,0.0191128,4.43755,27.5332,15.285,4284576,22721,8580.957114448247
2,16,0.01,2399.9799998000135,2529927,14358.168354924823,0.010229091805857848,6.3754518451138156e-12,285,0.0114184,3.46368,21.4138,11.9081,3336384,2920,929.2846711315107
2,16,0.1,239.79980092265015,28452,1522.6547664245861,0.10146565545447173,3.802164711137073e-13,230,0.0196948,2.80959,17.314,9.66516,2696032,324,93.91485505499116
2,16,1.0,21.87575904051089,331,164.2324770429701,1.0069026891786528,5.811828035869712e-15,159,0.00769088,1.95083,11.8111,6.65895,1866240,31,8.888194417315589
2,64,0.001,95999.99199999748,232658555,550762.7387455214,0.0010299027034834651,3.832433913684342e-11,366,0.0372625,17.9838,104.095,15.3352,4290720,93446,15461.563051645198
2,64,0.01,9599.919999200054,2529927,57432.67341969929,0.010229091805857848,6.3754518451138156e-12,285,0.0421351,14.0191,81.3505,11.9552,3342528,7731,1313.4683094768598
2,64,0.1,959.1992036906006,28452,6090.6190656983445,0.10146565545447173,3.802164711137073e-13,230,0.0424052,11.3504,65.5876,9.67069,2702176,1124,180.6931099959265
2,64,1.0,87.50303616204356,331,656.9299081718804,1.0069026891786528,5.811828035869712e-15,159,0.0416063,7.87222,44.6769,6.6699,1872384,89,14.933184523068078
2,256,0.001,383999.9679999899,232658555,2203050.9549820856,0.0010299027034834651,3.832433913684342e-11,366,0.118807,72.235,414.597,15.7681,4315296,382610,32193.738987573346
2,256,0.01,38399.679996800216,2529927,229730.69367879716,0.010229091805857848,6.3754518451138156e-12,285,0.117103,56.2959,323.548,12.3106,3367104,39755,3454.545556220094
2,256,0.1,3836.7968147624024,28452,24362.476262793378,0.10146565545447173,3.802164711137073e-13,230,0.116454,45.4491,261.141,9.89834,2726752,3565,300.09498496309465
2,256,1.0,350.0121446481742,331,2627.7196326875214,1.0069026891786528,5.811828035869712e-15,159,0.116902,31.5076,176.076,6.75082,1896960,361,30.215889859476256
2,1024,0.001,1535999.8719999597,232658555,8812203.819928342,0.0010299027034834651,3.832433913684342e-11,366,0.417462,290.177,1679.29,17.7564,4413600,1539023,65685.04270379977
2,1024,0.01,153598.71998720086,2529927,918922.7747151887,0.010229091805857848,6.3754518451138156e-12,285,0.417105,226.021,1304.89,13.7871,3465408,152549,6280.709752886213
2,1024,0.1,15347.18725904961,28452,97449.90505117351,0.10146565545447173,3.802164711137073e-13,230,0.418062,182.564,1047.49,10.9135,2825056,15083,629.3226517455097
2,1024,1.0,1400.048578592697,331,10510.878530750086,1.0069026891786528,5.811828035869712e-15,159,0.41615,126.443,716.128,7.35915,1995264,1357,59.55669567731239
