eps,log_prec,num_class,actual_eps,setup,committing,computing,proving,verifying,comm
0.125,6,2,0.125163142954006,0.0411694,0.000390837,6.763e-06,0.0470106,0.00803988,2032
0.125,6,4,0.23638877806423034,0.0417474,0.000491405,7.252e-06,0.0470679,0.0080355,2032
0.125,6,8,0.0,0.0339952,0.00048127,7.352e-06,0.0474234,0.0080656,2032
0.125,6,16,0.0,0.0356328,0.000515379,6.238e-06,0.0470718,0.00802791,2032
0.125,6,32,0.0,0.0340159,0.000526798,5.31e-06,0.0472287,0.00806845,2032
0.125,6,64,0.0,0.0349055,0.000534038,2.608e-06,0.0473571,0.00804099,2032
0.125,7,2,0.125163142954006,0.0669387,0.00048995,1.2176e-05,0.0911949,0.00805009,2032
0.125,7,4,0.12136085700426753,0.0669731,0.000441105,1.2398e-05,0.0911491,0.00803521,2032
0.125,7,8,0.0,0.0536897,0.000506102,1.1593e-05,0.0912028,0.00808494,2032
0.125,7,16,0.0,0.052934,0.0005061,1.1422e-05,0.0913088,0.008066,2032
0.125,7,32,0.0,0.0501954,0.000512992,1.0182e-05,0.0912866,0.00807689,2032
0.125,7,64,0.0,0.0517748,0.00051823,7.512e-06,0.0912658,0.00803666,2032
0.125,7,128,0.0,0.0509954,0.00051564,2.458e-06,0.0913703,0.0080782,2032
0.125,8,2,0.125163142954006,0.116533,0.000490354,2.1779e-05,0.180733,0.00808544,2032
0.125,8,4,0.12136085700426753,0.115259,0.000442795,2.18e-05,0.179949,0.00805534,2032
0.125,8,8,0.22957444164450017,0.116336,0.000506844,2.1874e-05,0.180167,0.0080872,2032
0.125,8,16,0.0,0.0857249,0.000487784,2.1034e-05,0.180068,0.00805292,2032
0.125,8,32,0.0,0.0847246,0.000444275,1.9719e-05,0.180012,0.00804949,2032
0.125,8,64,0.0,0.0850429,0.000509287,1.7166e-05,0.180068,0.00803891,2032
0.125,8,128,0.0,0.085522,0.000514963,1.2436e-05,0.179994,0.00806667,2032
0.125,9,2,0.125163142954006,0.214995,0.000495148,4.0812e-05,0.358642,0.00805605,2032
0.125,9,4,0.12136085700426753,0.21453,0.000487336,4.2215e-05,0.358581,0.00806156,2032
0.125,9,8,0.11954515064978273,0.215381,0.000445786,4.1794e-05,0.359035,0.00807835,2032
0.125,9,16,0.0,0.156164,0.000509367,4.0874e-05,0.359584,0.00806924,2032
0.125,9,32,0.0,0.154772,0.000508747,3.9734e-05,0.359369,0.00805204,2032
0.125,9,64,0.0,0.152466,0.00050973,3.7181e-05,0.358887,0.00807605,2032
0.125,9,128,0.0,0.151851,0.000507356,3.2208e-05,0.359468,0.00804779,2032
0.125,10,2,0.125163142954006,0.410924,0.000481728,8.0228e-05,0.719479,0.00807003,2032
0.125,10,4,0.12136085700426753,0.411155,0.000492987,8.2526e-05,0.71824,0.00805532,2032
0.125,10,8,0.11954515064978273,0.414249,0.000515474,8.1471e-05,0.721568,0.00806217,2032
0.125,10,16,0.22631312607548879,0.412727,0.000507718,8.1387e-05,0.718267,0.00806072,2032
0.125,10,32,0.0,0.288188,0.000517595,7.752e-05,0.718506,0.00805525,2032
0.125,10,64,0.0,0.28898,0.000497453,7.6406e-05,0.720994,0.00805599,2032
0.125,10,128,0.0,0.285215,0.000514874,7.1232e-05,0.718495,0.00805069,2032
0.125,11,2,0.125163142954006,0.806351,0.0004899,0.000171231,1.44069,0.00803461,2032
0.125,11,4,0.12136085700426753,0.810486,0.000445815,0.00016149,1.44358,0.00806907,2032
0.125,11,8,0.11954515064978273,0.8111,0.000510966,0.000161183,1.44375,0.00805966,2032
0.125,11,16,0.118657543801316,0.812745,0.000519986,0.000160633,1.33504,0.00711059,2032
0.125,11,32,0.0,0.438069,0.000393102,0.000122583,1.10254,0.0061915,2032
0.125,11,64,0.0,0.557401,0.000512687,0.000156571,1.41447,0.00721908,2032
0.125,11,128,0.0,0.435454,0.000394068,0.000116087,1.10336,0.00617827,2032
0.125,12,2,0.125163142954006,1.23022,0.000294079,0.000240435,2.22306,0.00619806,2032
0.125,12,4,0.12504442040845523,1.61245,0.000487508,0.000322329,2.25022,0.00619487,2032
0.125,12,8,0.11954515064978273,1.24,0.000383133,0.000247293,2.21323,0.00614538,2032
0.125,12,16,0.118657543801316,1.61411,0.000514121,0.000325604,2.2127,0.00620456,2032
0.125,12,32,0.22471711576164025,1.24176,0.000393811,0.000245848,2.21349,0.00618789,2032
0.125,12,64,0.0,1.09919,0.000521004,0.000315378,2.36775,0.00620137,2032
0.125,12,128,0.0,0.846532,0.000389679,0.000237666,2.21255,0.00614029,2032
0.25,6,2,0.25131442828090617,0.0404626,0.000311445,5.366e-06,0.0363751,0.00619427,2032
0.25,6,4,0.23638877806423034,0.0433241,0.000413929,5.255e-06,0.0358027,0.00617133,2032
0.25,6,8,0.0,0.0348731,0.000554723,7.341e-06,0.0368687,0.00618185,2032
0.25,6,16,0.0,0.0338459,0.000546941,6.436e-06,0.0473996,0.00806351,2032
0.25,6,32,0.0,0.0360165,0.000505572,4.809e-06,0.0375827,0.00619016,2032
0.25,6,64,0.0,0.0350479,0.000515791,2.353e-06,0.047092,0.00806845,2032
0.25,7,2,0.25131442828090617,0.0617232,0.000369992,9.458e-06,0.0698035,0.00615545,2032
0.25,7,4,0.23638877806423034,0.0594803,0.000375669,9.419e-06,0.0698387,0.00614109,2032
0.25,7,8,0.42744401482693967,0.0606893,0.000394153,9.251e-06,0.0700991,0.00615682,2032
0.25,7,16,0.0,0.0482974,0.000384245,8.563e-06,0.06974,0.00617251,2032
0.25,7,32,0.0,0.0523708,0.000510845,9.957e-06,0.0912805,0.00804844,2032
0.25,7,64,0.0,0.0502061,0.000389096,5.613e-06,0.069724,0.00615749,2032
0.25,7,128,0.0,0.047526,0.000396661,1.897e-06,0.0697652,0.00615827,2032
0.25,8,2,0.25131442828090617,0.097164,0.000373192,1.5965e-05,0.137603,0.0061518,2032
0.25,8,4,0.23638877806423034,0.114888,0.000492755,2.2124e-05,0.179943,0.00806102,2032
0.25,8,8,0.22957444164450017,0.0965793,0.000396723,1.6826e-05,0.138009,0.0061754,2032
0.25,8,16,0.0,0.0878763,0.000506273,2.1092e-05,0.180146,0.00804987,2032
0.25,8,32,0.0,0.0771708,0.000400312,1.5563e-05,0.141207,0.0062378,2032
0.25,8,64,0.0,0.0850196,0.000509011,1.7205e-05,0.180159,0.0080641,2032
0.25,8,128,0.0,0.0734421,0.000390517,9.651e-06,0.137711,0.00613483,2032
0.25,9,2,0.25131442828090617,0.211123,0.00038155,4.1663e-05,0.358889,0.00803525,2032
0.25,9,4,0.23638877806423034,0.171852,0.000378362,3.2082e-05,0.274245,0.00618108,2032
0.25,9,8,0.22957444164450017,0.214487,0.00051136,4.2641e-05,0.35888,0.00808854,2032
0.25,9,16,0.4161603972249123,0.173413,0.000390755,3.2071e-05,0.27429,0.00616702,2032
0.25,9,32,0.0,0.152092,0.000510176,3.9933e-05,0.359643,0.00803444,2032
0.25,9,64,0.0,0.124469,0.000392633,2.7912e-05,0.274397,0.00616079,2032
0.25,9,128,0.0,0.152529,0.000508442,3.2728e-05,0.358925,0.00806725,2032
0.25,10,2,0.25131442828090617,0.319741,0.000373118,6.1815e-05,0.549853,0.00617835,2032
0.25,10,4,0.25038419565568654,0.416478,0.000393292,8.0973e-05,0.717848,0.00804787,2032
0.25,10,8,0.22957444164450017,0.413733,0.000508733,8.2026e-05,0.718556,0.0080551,2032
0.25,10,16,0.22631312607548879,0.413953,0.000512355,8.0826e-05,0.718351,0.00802844,2032
0.25,10,32,0.0,0.290473,0.000506108,7.9173e-05,0.718548,0.0080885,2032
0.25,10,64,0.0,0.290454,0.000445869,7.6351e-05,0.723486,0.00821029,2032
0.25,10,128,0.0,0.287886,0.000379501,7.2706e-05,0.718514,0.00805092,2032
0.25,11,2,0.2493305466630865,0.815923,0.000386705,0.000156399,1.33356,0.00715971,2032
0.25,11,4,0.25038419565568654,0.814789,0.000489175,0.000163149,1.44955,0.00808689,2032
0.25,11,8,0.2558027661568674,0.812729,0.00049818,0.000160053,1.32074,0.0071358,2032
0.25,11,16,0.22631312607548879,0.811463,0.000511594,0.000160654,1.36014,0.00711462,2032
0.25,11,32,0.41074216520900814,0.63084,0.000394877,0.000123699,1.10181,0.00614683,2032
0.25,11,64,0.0,0.434795,0.000394995,0.000120649,1.10244,0.00617452,2032
0.25,11,128,0.0,0.434862,0.000393048,0.000117431,1.10187,0.00616958,2032
0.25,12,2,0.25032242621555223,1.24182,0.000379809,0.000241053,2.21477,0.00618899,2032
0.25,12,4,0.25038419565568654,1.61221,0.000492163,0.000317518,2.24951,0.00619539,2032
0.25,12,8,0.2558027661568674,1.61502,0.000497382,0.000319892,2.26583,0.00622338,2032
0.25,12,16,0.22631312607548879,1.2425,0.000391816,0.000243713,2.21962,0.00618282,2032
0.25,12,32,0.22471711576164025,1.60995,0.000510808,0.000328379,2.24733,0.00618847,2032
0.25,12,64,0.0,0.851079,0.000389236,0.000234803,2.21323,0.00618481,2032
0.25,12,128,0.0,0.852681,0.000393518,0.000237644,2.21807,0.00619529,2032
0.5,6,2,0.5108256237659907,0.0409535,0.000428983,6.319e-06,0.036304,0.00617708,2032
0.5,6,4,0.4519851237430572,0.0399158,0.000290438,4.966e-06,0.0357193,0.00616921,2032
0.5,6,8,0.7621400520468967,0.0397334,0.000289399,5.041e-06,0.0359239,0.00615902,2032
0.5,6,16,0.0,0.0347712,0.000505004,6.561e-06,0.0469626,0.00804104,2032
0.5,6,32,0.0,0.0329389,0.000472405,5.301e-06,0.0472265,0.00807651,2032
0.5,6,64,0.0,0.0358383,0.000508572,2.524e-06,0.046835,0.00803177,2032
0.5,7,2,0.5108256237659907,0.061399,0.000300917,8.882e-06,0.0698116,0.00616396,2032
0.5,7,4,0.4519851237430572,0.0656436,0.000489723,1.2293e-05,0.0912681,0.00806076,2032
0.5,7,8,0.42744401482693967,0.0657279,0.000497378,1.2093e-05,0.0912323,0.00804327,2032
0.5,7,16,0.0,0.0523883,0.000513544,1.1084e-05,0.0914037,0.0080515,2032
0.5,7,32,0.0,0.0525995,0.0005132,1.0142e-05,0.0913038,0.00805756,2032
0.5,7,64,0.0,0.0517241,0.000512366,7.443e-06,0.0913414,0.00803759,2032
0.5,7,128,0.0,0.0498034,0.00038944,1.817e-06,0.0697978,0.00614841,2032
0.5,8,2,0.49419322371684865,0.11815,0.000491672,2.1879e-05,0.180182,0.00803958,2032
0.5,8,4,0.5035263212843791,0.0964019,0.000366379,1.6327e-05,0.138512,0.00620018,2032
0.5,8,8,0.42744401482693967,0.114266,0.000439547,2.2179e-05,0.180135,0.00805764,2032
0.5,8,16,0.7259370033829363,0.0959447,0.000390024,1.6921e-05,0.137779,0.00616993,2032
0.5,8,32,0.0,0.0854052,0.000505424,1.9955e-05,0.180062,0.00810461,2032
0.5,8,64,0.0,0.0760547,0.000391734,1.3223e-05,0.138621,0.00615429,2032
0.5,8,128,0.0,0.0841222,0.000505926,1.2394e-05,0.180317,0.00807808,2032
0.5,9,2,0.5025009138799591,0.176653,0.000375097,3.1599e-05,0.287284,0.0061842,2032
0.5,9,4,0.5035263212843791,0.175353,0.000343786,3.2732e-05,0.274278,0.0061308,2032
0.5,9,8,0.5175824062288704,0.214945,0.000515047,4.0831e-05,0.358682,0.00808577,2032
0.5,9,16,0.4161603972249123,0.215498,0.00050806,4.2248e-05,0.358783,0.00806373,2032
0.5,9,32,0.0,0.124903,0.000388768,3.0477e-05,0.274519,0.00620507,2032
0.5,9,64,0.0,0.152155,0.000505298,3.6537e-05,0.358868,0.00806386,2032
0.5,9,128,0.0,0.152186,0.000490305,3.2177e-05,0.358995,0.00801966,2032
0.5,10,2,0.4983449625423815,0.414637,0.000388836,8.1843e-05,0.719137,0.00807313,2032
0.5,10,4,0.5035263212843791,0.414343,0.000388477,8.0791e-05,0.718169,0.00805236,2032
0.5,10,8,0.5175824062288704,0.414112,0.000514862,8.1548e-05,0.718967,0.00806508,2032
0.5,10,16,0.4161603972249123,0.412899,0.000445509,8.2316e-05,0.720706,0.00804364,2032
0.5,10,32,0.7091475219063864,0.412682,0.000516117,8.0865e-05,0.718127,0.00804128,2032
0.5,10,64,0.0,0.288671,0.000508972,7.6993e-05,0.718233,0.00804902,2032
0.5,10,128,0.0,0.286436,0.000516756,7.2107e-05,0.718324,0.00804615,2032
0.5,11,2,0.5004224090051046,0.815009,0.000489277,0.000160658,1.36005,0.00714958,2032
0.5,11,4,0.49712677940782873,0.813617,0.00050005,0.000160594,1.33178,0.0070979,2032
0.5,11,8,0.49551920248331505,0.629308,0.000380305,0.000122646,1.10114,0.00617466,2032
0.5,11,16,0.5010216236693699,0.632496,0.000399059,0.000119294,1.10369,0.00623461,2032
0.5,11,32,0.41074216520900814,0.631228,0.000375173,0.000122838,1.10231,0.00615716,2032
0.5,11,64,0.0,0.434965,0.000392733,0.000119458,1.102,0.00615512,2032
0.5,11,128,0.0,0.435871,0.000399301,0.000116938,1.10203,0.00617431,2032
0.5,12,2,0.5004224090051046,1.61447,0.00049349,0.000325729,2.25147,0.00617964,2032
0.5,12,4,0.5003280376341035,1.24474,0.000340161,0.000238656,2.22894,0.00617416,2032
0.5,12,8,0.49551920248331505,1.24663,0.00038624,0.000248413,2.21562,0.00620811,2032
0.5,12,16,0.5010216236693699,1.61001,0.000492047,0.000319577,2.2588,0.00621369,2032
0.5,12,32,0.5698489642154517,1.24311,0.00039541,0.000245997,2.23245,0.00623411,2032
0.5,12,64,0.7010523600670585,1.23705,0.000391475,0.000243618,2.2176,0.00616177,2032
0.5,12,128,0.0,0.845457,0.000389711,0.000236536,2.21253,0.00614938,2032
1.0,6,2,1.0169342576538425,0.0425142,0.000390943,6.523e-06,0.0467572,0.00805908,2032
1.0,6,4,1.0360919316867758,0.0427483,0.000487947,7.295e-06,0.0470017,0.00804992,2032
1.0,6,8,0.7621400520468967,0.0430521,0.000495212,7.415e-06,0.04713,0.00807715,2032
1.0,6,16,0.0,0.0355553,0.00050799,6.152e-06,0.0470663,0.00802346,2032
1.0,6,32,0.0,0.0359388,0.000509078,4.86e-06,0.0470115,0.00805382,2032
1.0,6,64,0.0,0.0341508,0.000554604,2.477e-06,0.0474697,0.00807502,2032
1.0,7,2,1.0169342576538425,0.059176,0.000376044,9.146e-06,0.0697326,0.00615531,2032
1.0,7,4,1.0360919316867758,0.0668657,0.000438751,1.2246e-05,0.0912167,0.00809271,2032
1.0,7,8,1.0459685551826878,0.0675578,0.000492874,1.219e-05,0.0912753,0.00806145,2032
1.0,7,16,1.1895840668738364,0.0657686,0.000504703,1.2271e-05,0.0912661,0.00806357,2032
1.0,7,32,0.0,0.0518636,0.000504711,9.856e-06,0.0912705,0.0080743,2032
1.0,7,64,0.0,0.0521495,0.000516523,7.645e-06,0.0911425,0.00806779,2032
1.0,7,128,0.0,0.0522466,0.000514031,2.424e-06,0.0914552,0.00805322,2032
1.0,8,2,0.9970021122573273,0.118444,0.000487526,2.2091e-05,0.179921,0.00801267,2032
1.0,8,4,0.9891280558264214,0.115947,0.000491883,2.1914e-05,0.180044,0.00803992,2032
1.0,8,8,1.0459685551826878,0.115998,0.000506098,2.194e-05,0.180085,0.00806795,2032
1.0,8,16,1.1895840668738364,0.114545,0.000508222,2.2348e-05,0.180153,0.00809828,2032
1.0,8,32,0.0,0.0847695,0.000484444,2.0073e-05,0.18051,0.00803426,2032
1.0,8,64,0.0,0.0840914,0.000488265,1.7294e-05,0.18013,0.00802656,2032
1.0,8,128,0.0,0.0842605,0.000508187,1.2347e-05,0.180244,0.00806647,2032
1.0,9,2,0.9970021122573273,0.217141,0.000386477,4.1071e-05,0.358664,0.00808513,2032
1.0,9,4,0.9891280558264214,0.216044,0.000494157,4.1696e-05,0.358585,0.00804862,2032
1.0,9,8,0.9784679768260465,0.215874,0.000507468,4.2527e-05,0.358739,0.00804836,2032
1.0,9,16,0.9765095918672099,0.213694,0.000511364,4.2102e-05,0.358487,0.00806187,2032
1.0,9,32,1.1420974006078486,0.213967,0.00051035,4.2117e-05,0.358902,0.00805295,2032
1.0,9,64,0.0,0.152777,0.000510396,3.7388e-05,0.358688,0.00808063,2032
1.0,9,128,0.0,0.151057,0.000513889,3.2399e-05,0.358817,0.00807108,2032
1.0,10,2,1.0019678858506482,0.416182,0.000379421,8.1424e-05,0.718322,0.00806717,2032
1.0,10,4,1.000878317241835,0.41636,0.000485883,8.0174e-05,0.718305,0.00807347,2032
1.0,10,8,1.0124663379549088,0.416187,0.000512117,8.2547e-05,0.720893,0.00807571,2032
1.0,10,16,0.9765095918672099,0.413737,0.000506633,8.0942e-05,0.718333,0.00805506,2032
1.0,10,32,1.1420974006078486,0.408606,0.000514609,8.0332e-05,0.718169,0.00804887,2032
1.0,10,64,0.0,0.28535,0.000514934,7.6605e-05,0.718414,0.00808204,2032
1.0,10,128,0.0,0.28626,0.000507553,7.1551e-05,0.718312,0.00805169,2032
1.0,11,2,0.9994835752667138,0.81318,0.000490629,0.000160679,1.31629,0.00716437,2032
1.0,11,4,1.000878317241835,0.813874,0.000455354,0.000162242,1.31591,0.00712969,2032
1.0,11,8,0.9955310761799436,0.631396,0.000391786,0.000124444,1.10503,0.00617729,2032
1.0,11,16,0.9765095918672099,0.805269,0.000516037,0.000157501,1.31774,0.00714621,2032
1.0,11,32,0.9453719411749968,0.628364,0.00039566,0.000123067,1.10151,0.00614434,2032
1.0,11,64,1.1198896871153945,0.628724,0.000389529,0.000123292,1.10148,0.00619681,2032
1.0,11,128,0.0,0.434292,0.000394843,0.000115771,1.10143,0.00618835,2032
1.0,12,2,0.9994835752667138,1.25403,0.000378354,0.000244939,2.21113,0.0061489,2032
1.0,12,4,1.000878317241835,1.24998,0.000377087,0.000241719,2.21427,0.00615387,2032
1.0,12,8,1.0040144441663743,1.24095,0.000377346,0.000246523,2.22013,0.00617217,2032
1.0,12,16,1.0048881520194195,1.24091,0.000392036,0.000245349,2.21188,0.0061691,2032
1.0,12,32,1.0477538714346186,1.23958,0.000394016,0.000248261,2.21639,0.00624947,2032
1.0,12,64,1.1198896871153945,1.59703,0.000508302,0.00032565,2.24222,0.00622148,2032
1.0,12,128,0.0,0.845916,0.000397623,0.000235659,2.22853,0.00617093,2032
2.0,6,2,1.9459101490553132,0.0422417,0.000372075,6.487e-06,0.0357553,0.00618374,2032
2.0,6,4,2.03688192726104,0.0433965,0.000488397,7.382e-06,0.0468424,0.00805344,2032
2.0,6,8,2.1972245773362196,0.0374316,0.000374498,5.43e-06,0.0357721,0.00616096,2032
2.0,6,16,1.8458266904983307,0.0401409,0.000507278,7.404e-06,0.0471007,0.00805875,2032
2.0,6,32,0.0,0.0352628,0.000435397,4.338e-06,0.0371532,0.00617383,2032
2.0,6,64,0.0,0.0330931,0.000549323,2.583e-06,0.0473088,0.00802565,2032
2.0,7,2,2.0193376176101303,0.0666528,0.000487329,1.1684e-05,0.0912857,0.00806088,2032
2.0,7,4,2.03688192726104,0.0598648,0.000374419,9.373e-06,0.0696064,0.00614738,2032
2.0,7,8,1.9771626925594177,0.0680189,0.000439897,1.2275e-05,0.0910826,0.00804582,2032
2.0,7,16,1.8458266904983307,0.0606092,0.000400105,9.539e-06,0.0719435,0.00632535,2032
2.0,7,32,2.456735772821304,0.0602492,0.000393098,9.323e-06,0.070154,0.00615973,2032
2.0,7,64,0.0,0.0510435,0.00051014,7.673e-06,0.0912252,0.00804726,2032
2.0,7,128,0.0,0.0513056,0.000506984,2.442e-06,0.0912494,0.0080808,2032
2.0,8,2,1.9821131977192739,0.115247,0.00037888,2.171e-05,0.179848,0.00807731,2032
2.0,8,4,1.979621206397625,0.11741,0.000447011,2.2019e-05,0.17972,0.00796394,2032
2.0,8,8,1.9771626925594177,0.11512,0.000510951,2.1566e-05,0.179766,0.00802339,2032
2.0,8,16,2.1129642337184795,0.115606,0.000508629,2.2103e-05,0.179774,0.00799706,2032
2.0,8,32,1.717651497074333,0.11511,0.00051071,2.2104e-05,0.179941,0.00805946,2032
2.0,8,64,0.0,0.0870517,0.000512521,1.7195e-05,0.180563,0.00805433,2032
2.0,8,128,0.0,0.0832779,0.000514539,1.2403e-05,0.180132,0.0080575,2032
2.0,9,2,2.0005934753293673,0.215373,0.0003854,4.1386e-05,0.358804,0.0080807,2032
2.0,9,4,2.008077055471865,0.216828,0.000384102,4.1437e-05,0.358507,0.00804382,2032
2.0,9,8,1.9771626925594177,0.214728,0.000491859,4.23e-05,0.358495,0.00808164,2032
2.0,9,16,1.9824995964876055,0.215385,0.000517698,4.1077e-05,0.359439,0.00803603,2032
2.0,9,32,2.126398524767607,0.213448,0.000508213,4.2247e-05,0.359413,0.00801551,2032
2.0,9,64,2.316769727986002,0.209111,0.000442371,4.2272e-05,0.35864,0.00805186,2032
2.0,9,128,0.0,0.152924,0.000512655,3.2502e-05,0.358777,0.00805811,2032
2.0,10,2,2.0005934753293673,0.41607,0.00048803,8.2513e-05,0.718072,0.00804113,2032
2.0,10,4,1.9938066273989294,0.416071,0.000385481,8.2589e-05,0.717845,0.00807088,2032
2.0,10,8,2.004520671500047,0.413845,0.000512604,8.2059e-05,0.719376,0.00805013,2032
2.0,10,16,1.9824995964876055,0.410984,0.000518372,8.1504e-05,0.71815,0.00804557,2032
2.0,10,32,1.9352717508502575,0.410956,0.000510102,8.25e-05,0.717989,0.00804559,2032
2.0,10,64,1.6613976513648114,0.40877,0.000508574,8.1127e-05,0.717938,0.00805804,2032
2.0,10,128,0.0,0.286017,0.000507394,7.2401e-05,0.71836,0.0080893,2032
2.0,11,2,2.0005934753293673,0.815076,0.000385683,0.000159078,1.35361,0.00711619,2032
2.0,11,4,2.000931077457216,0.815506,0.000388544,0.000159132,1.31782,0.00710866,2032
2.0,11,8,2.004520671500047,0.630311,0.000395453,0.000123396,1.10138,0.00615243,2032
2.0,11,16,2.01563535305394,0.633274,0.000394452,0.000122384,1.10236,0.00615623,2032
2.0,11,32,2.0335951535544172,0.631582,0.000393622,0.000126838,1.10172,0.00616499,2032
2.0,11,64,2.0308668715312788,0.626789,0.000393363,0.000123661,1.1028,0.00618692,2032
2.0,11,128,2.2547944291576973,0.619419,0.000395555,0.000122737,1.10528,0.00618945,2032
2.0,12,2,2.0005934753293673,1.24357,0.000298822,0.000239624,2.21366,0.00616414,2032
2.0,12,4,2.000931077457216,1.24474,0.000300133,0.00023851,2.21198,0.0061471,2032
2.0,12,8,1.99767952057635,1.24343,0.000395468,0.000236851,2.21094,0.00614614,2032
2.0,12,16,1.999114185118778,1.24193,0.00039913,0.000244225,2.21134,0.00616539,2032
2.0,12,32,1.985182211408842,1.24444,0.000395432,0.000248188,2.21321,0.00615632,2032
2.0,12,64,2.0308668715312788,1.23065,0.000393072,0.000244298,2.21946,0.00618283,2032
2.0,12,128,2.2547944291576973,1.21789,0.000394018,0.000245536,2.2124,0.00616828,2032
4.0,6,2,4.143134726391533,0.0422761,0.000379666,5.541e-06,0.0358707,0.00615912,2032
4.0,6,4,4.110873864173311,0.0420198,0.000376661,5.598e-06,0.0358289,0.00615627,2032
4.0,6,8,4.04305126783455,0.0404153,0.000397114,5.544e-06,0.0358438,0.00623737,2032
4.0,6,16,3.8918202981106265,0.0412683,0.000373125,5.386e-06,0.0358103,0.00616041,2032
4.0,6,32,3.4965075614664802,0.0393083,0.000524611,7.162e-06,0.0360618,0.00620072,2032
4.0,6,64,0.0,0.0335476,0.000600536,2.441e-06,0.0369727,0.00622755,2032
4.0,7,2,4.143134726391533,0.0656897,0.000385874,1.1495e-05,0.0911622,0.00803167,2032
4.0,7,4,4.110873864173311,0.0680712,0.000387206,1.153e-05,0.0910283,0.00803344,2032
4.0,7,8,4.04305126783455,0.0676303,0.000386812,1.154e-05,0.0909792,0.00807253,2032
4.0,7,16,3.8918202981106265,0.0624982,0.000490937,1.2216e-05,0.0909249,0.0080726,2032
4.0,7,32,4.574710978503383,0.0635952,0.000513568,1.2251e-05,0.0910778,0.00806954,2032
4.0,7,64,4.174387269895637,0.0599534,0.000506953,1.2396e-05,0.0914463,0.00804495,2032
4.0,7,128,0.0,0.0520559,0.00050963,2.334e-06,0.0912418,0.00806514,2032
4.0,8,2,3.9160150266976834,0.115726,0.000485828,2.203e-05,0.179908,0.00802179,2032
4.0,8,4,4.110873864173311,0.114776,0.000488647,2.2169e-05,0.179895,0.00807114,2032
4.0,8,8,4.04305126783455,0.113808,0.000443451,2.2185e-05,0.179986,0.00804797,2032
4.0,8,16,3.8918202981106265,0.108194,0.000510199,2.2085e-05,0.179984,0.0080277,2032
4.0,8,32,3.9951379121386528,0.111722,0.000509149,2.2403e-05,0.17994,0.0080398,2032
4.0,8,64,4.174387269895637,0.100074,0.000504931,2.2257e-05,0.179861,0.00804831,2032
4.0,8,128,4.859812404361672,0.100148,0.000508105,2.2284e-05,0.179961,0.00803617,2032
4.0,9,2,4.02336559276352,0.216178,0.000390353,4.1657e-05,0.358748,0.00806818,2032
4.0,9,4,3.9869243136012638,0.214497,0.000381933,4.1595e-05,0.358743,0.00805376,2032
4.0,9,8,4.04305126783455,0.207771,0.000513575,4.1036e-05,0.358547,0.00807014,2032
4.0,9,16,4.062903036387282,0.214703,0.000508218,4.2088e-05,0.358413,0.00801671,2032
4.0,9,32,3.9951379121386528,0.208976,0.000446846,4.2214e-05,0.358892,0.00804818,2032
4.0,9,64,4.174387269895637,0.184446,0.000517073,4.2179e-05,0.3588,0.00806411,2032
4.0,9,128,3.7765850345330416,0.199136,0.000504605,4.2423e-05,0.358802,0.00804256,2032
4.0,10,2,4.02336559276352,0.415559,0.000389154,8.1494e-05,0.718087,0.00805563,2032
4.0,10,4,3.9869243136012638,0.414603,0.000383422,8.0399e-05,0.717892,0.00802883,2032
4.0,10,8,3.97472159964371,0.414373,0.000484196,8.0776e-05,0.71777,0.00805127,2032
4.0,10,16,3.9753107446640645,0.413614,0.000521342,7.6917e-05,0.717471,0.00809052,2032
4.0,10,32,3.9951379121386528,0.398786,0.000511792,8.1305e-05,0.718104,0.00805256,2032
4.0,10,64,3.9274588135579855,0.408534,0.000513622,8.249e-05,0.71771,0.00806561,2032
4.0,10,128,3.7765850345330416,0.383001,0.000512003,8.2432e-05,0.718775,0.00805906,2032
4.0,11,2,3.995469477128428,0.81511,0.000497833,0.000158692,1.28271,0.00645461,2032
4.0,11,4,3.9869243136012638,0.812204,0.000383373,0.000160962,1.35742,0.00713612,2032
4.0,11,8,4.008434506929691,0.629567,0.000393152,0.000123794,1.10157,0.00615567,2032
4.0,11,16,4.0185552481387345,0.632465,0.000394161,0.000122354,1.10111,0.00617269,2032
4.0,11,32,3.9951379121386528,0.610359,0.000393088,0.000123898,1.10096,0.00615803,2032
4.0,11,64,4.051273307986567,0.62835,0.00038928,0.000123868,1.10172,0.00617227,2032
4.0,11,128,4.080614369410199,0.619292,0.000396446,0.000123503,1.10154,0.0061809,2032
4.0,12,2,3.995469477128428,1.24056,0.000374483,0.000247104,2.21363,0.00620937,2032
4.0,12,4,4.001683452690352,1.24245,0.00037262,0.00024829,2.22284,0.00615685,2032
4.0,12,8,4.008434506929691,1.24069,0.000390332,0.000245902,2.21204,0.00616855,2032
4.0,12,16,3.9968002501837945,1.23932,0.000389521,0.00024501,2.21166,0.00616796,2032
4.0,12,32,3.9951379121386528,1.19569,0.000391993,0.000247961,2.21369,0.00619178,2032
4.0,12,64,3.9895130071690437,1.23526,0.000390771,0.000244076,2.22547,0.00617888,2032
4.0,12,128,3.9335292106491098,1.23268,0.000390256,0.000246495,2.21161,0.00624494,2032
8.0,11,2,7.624130585661289,0.812824,0.000494235,0.000161317,1.35371,0.00710106,2032
8.0,11,4,7.623153068476902,0.632654,0.00037961,0.00012182,1.10208,0.00616172,2032
8.0,11,8,7.621195162809845,0.632163,0.000337693,0.000118111,1.10069,0.00618326,2032
8.0,11,16,7.617267813628347,0.811759,0.00051614,0.00016246,1.32826,0.00714011,2032
8.0,11,32,7.6093665379542115,0.811046,0.000518065,0.000163946,1.44,0.00808754,2032
8.0,11,64,7.59337419312129,0.806956,0.00051821,0.000161491,1.30593,0.00644518,2032
8.0,11,128,7.560601162768557,0.62447,0.000709982,0.000218382,1.10794,0.00625577,2032
8.0,12,2,8.31752199628717,1.24498,0.000377345,0.000243151,2.21214,0.00618423,2032
8.0,12,4,8.317033476492403,1.61353,0.000491873,0.000318298,2.3058,0.00618464,2032
8.0,12,8,8.316055720364643,1.61234,0.000513535,0.000321463,2.22491,0.00619137,2032
8.0,12,16,8.314097335405807,1.24247,0.000302024,0.000248639,2.21515,0.0061514,2032
8.0,12,32,8.310169021981912,1.23835,0.000395843,0.000241066,2.21234,0.0061487,2032
8.0,12,64,8.302265794873367,1.23696,0.000391327,0.000250174,2.21163,0.00615047,2032
8.0,12,128,8.286269452783065,1.23059,0.000388785,0.000246551,2.22325,0.00616604,2032
0.125,6,2,0.125163142954006,0.0425343,0.000370112,5.2e-06,0.0357918,0.00616729,2032
0.125,6,4,0.23638877806423034,0.0420132,0.000379324,5.382e-06,0.0357626,0.00616102,2032
0.125,6,8,0.0,0.0355481,0.000511191,6.581e-06,0.0370189,0.00619025,2032
0.125,6,16,0.0,0.0341835,0.000528891,6.247e-06,0.0470613,0.00809353,2032
0.125,6,32,0.0,0.0330579,0.000549213,5.292e-06,0.0473155,0.00806762,2032
0.125,6,64,0.0,0.0351111,0.000512143,2.388e-06,0.0373726,0.00621194,2032
0.125,7,2,0.125163142954006,0.0677399,0.00048908,1.2199e-05,0.0912194,0.0080645,2032
0.125,7,4,0.12136085700426753,0.067488,0.00044778,1.2146e-05,0.0912906,0.00804607,2032
0.125,7,8,0.0,0.0527438,0.000504633,1.1629e-05,0.0910564,0.00802821,2032
0.125,7,16,0.0,0.0531925,0.000506202,1.1121e-05,0.0912865,0.00806731,2032
0.125,7,32,0.0,0.0526048,0.00050771,1.0247e-05,0.0913452,0.00805726,2032
0.125,7,64,0.0,0.0507295,0.000506664,7.621e-06,0.0912815,0.00804808,2032
0.125,7,128,0.0,0.0505204,0.000512949,2.455e-06,0.0915272,0.00802869,2032
0.125,8,2,0.125163142954006,0.115715,0.000382562,2.16e-05,0.180082,0.00808811,2032
0.125,8,4,0.12136085700426753,0.117397,0.000380256,2.1556e-05,0.180068,0.00803475,2032
0.125,8,8,0.22957444164450017,0.115626,0.000385551,2.1584e-05,0.180163,0.00806959,2032
0.125,8,16,0.0,0.0873525,0.000390277,2.0289e-05,0.180652,0.00804525,2032
0.125,8,32,0.0,0.0845168,0.000485601,1.9308e-05,0.18037,0.00807638,2032
0.125,8,64,0.0,0.0850614,0.000511724,1.6659e-05,0.180164,0.00805523,2032
0.125,8,128,0.0,0.0837666,0.000512137,1.2329e-05,0.180367,0.00804152,2032
0.125,9,2,0.125163142954006,0.171902,0.00037666,3.1942e-05,0.2742,0.00616538,2032
0.125,9,4,0.12136085700426753,0.214611,0.000445211,4.1859e-05,0.358847,0.00806809,2032
0.125,9,8,0.11954515064978273,0.17602,0.000390817,3.281e-05,0.274453,0.00621913,2032
0.125,9,16,0.0,0.128068,0.000388075,3.0896e-05,0.274327,0.00617119,2032
0.125,9,32,0.0,0.152689,0.000538086,4.3215e-05,0.358934,0.00808004,2032
0.125,9,64,0.0,0.125613,0.000391244,2.8916e-05,0.27428,0.00615206,2032
0.125,9,128,0.0,0.153079,0.000514103,3.2369e-05,0.358806,0.00805234,2032
0.125,10,2,0.125163142954006,0.411556,0.000492332,8.1219e-05,0.717682,0.00806135,2032
0.125,10,4,0.12136085700426753,0.411765,0.000382905,7.9404e-05,0.718147,0.00807047,2032
0.125,10,8,0.11954515064978273,0.416479,0.000521043,7.846e-05,0.71953,0.0080516,2032
0.125,10,16,0.22631312607548879,0.412523,0.000511331,8.0938e-05,0.717814,0.00805955,2032
0.125,10,32,0.0,0.290261,0.000447634,7.9591e-05,0.717909,0.00813736,2032
0.125,10,64,0.0,0.286944,0.000511313,7.7564e-05,0.718652,0.0080689,2032
0.125,10,128,0.0,0.286655,0.000511455,7.2267e-05,0.718273,0.00804794,2032
0.125,11,2,0.125163142954006,0.80675,0.000490912,0.000159908,1.32237,0.00711265,2032
0.125,11,4,0.12136085700426753,0.813351,0.00049275,0.000157353,1.34983,0.00711901,2032
0.125,11,8,0.11954515064978273,0.63055,0.000374928,0.000123054,1.10128,0.00617545,2032
0.125,11,16,0.118657543801316,0.630048,0.000394377,0.000119798,1.1037,0.00616249,2032
0.125,11,32,0.0,0.439494,0.00039337,0.000121937,1.11164,0.00616731,2032
0.125,11,64,0.0,0.435006,0.000402697,0.000115015,1.10445,0.00616998,2032
0.125,11,128,0.0,0.436288,0.000393992,0.000116399,1.10178,0.00617468,2032
0.125,12,2,0.125163142954006,1.59583,0.000382164,0.000317339,2.26549,0.00625625,2032
0.125,12,4,0.12504442040845523,1.24419,0.000378337,0.000251639,2.21525,0.00625504,2032
0.125,12,8,0.11954515064978273,1.60494,0.000513172,0.000322134,2.38109,0.00621621,2032
0.125,12,16,0.118657543801316,1.24505,0.00029412,0.000241624,2.2126,0.00614257,2032
0.125,12,32,0.22471711576164025,1.6139,0.000517283,0.000321879,2.25072,0.00618827,2032
0.125,12,64,0.0,0.85137,0.000388979,0.000240466,2.2176,0.0061712,2032
0.125,12,128,0.0,0.853046,0.000394707,0.000236064,2.2256,0.00615337,2032
0.25,6,2,0.25131442828090617,0.0421392,0.000343809,5.735e-06,0.0362015,0.0061767,2032
0.25,6,4,0.23638877806423034,0.0431025,0.000297584,5.045e-06,0.0358712,0.00618101,2032
0.25,6,8,0.0,0.0340756,0.000414924,6.951e-06,0.0371022,0.00621357,2032
0.25,6,16,0.0,0.033266,0.000419364,6.029e-06,0.0370856,0.00618579,2032
0.25,6,32,0.0,0.0356237,0.000503899,4.811e-06,0.0375575,0.00618813,2032
0.25,6,64,0.0,0.0357394,0.0005117,2.499e-06,0.0470215,0.00805053,2032
0.25,7,2,0.25131442828090617,0.0665699,0.000482561,1.2534e-05,0.0911028,0.00805295,2032
0.25,7,4,0.23638877806423034,0.0670555,0.000441015,1.2261e-05,0.0910104,0.00800627,2032
0.25,7,8,0.42744401482693967,0.0665967,0.000443148,1.1868e-05,0.090913,0.0080437,2032
0.25,7,16,0.0,0.0509376,0.000505374,1.078e-05,0.0909814,0.00802924,2032
0.25,7,32,0.0,0.0500591,0.000403077,7.418e-06,0.0698592,0.00615305,2032
0.25,7,64,0.0,0.0499529,0.00050884,7.524e-06,0.091309,0.00801461,2032
0.25,7,128,0.0,0.0609651,0.000511672,2.423e-06,0.0911389,0.00807801,2032
0.25,8,2,0.25131442828090617,0.114582,0.000491033,2.1964e-05,0.180481,0.00802767,2032
0.25,8,4,0.23638877806423034,0.11392,0.000447456,2.2688e-05,0.180207,0.00805136,2032
0.25,8,8,0.22957444164450017,0.116987,0.000441041,2.2108e-05,0.180042,0.00802459,2032
0.25,8,16,0.0,0.0874162,0.000513893,2.0923e-05,0.180163,0.00805912,2032
0.25,8,32,0.0,0.0867894,0.000496388,1.9697e-05,0.180176,0.00805365,2032
0.25,8,64,0.0,0.0849467,0.000497407,1.7285e-05,0.179952,0.00804744,2032
0.25,8,128,0.0,0.0855719,0.000487519,1.2476e-05,0.179961,0.00804515,2032
0.25,9,2,0.25131442828090617,0.213288,0.00048809,4.2096e-05,0.358432,0.00804807,2032
0.25,9,4,0.23638877806423034,0.21175,0.000444054,4.2029e-05,0.358875,0.00804884,2032
0.25,9,8,0.22957444164450017,0.215945,0.00038655,4.05e-05,0.359189,0.0080286,2032
0.25,9,16,0.4161603972249123,0.214401,0.0005124,4.2202e-05,0.359802,0.00804421,2032
0.25,9,32,0.0,0.153818,0.000509438,3.9638e-05,0.35874,0.00804849,2032
0.25,9,64,0.0,0.151551,0.000505867,3.7209e-05,0.359571,0.00803206,2032
0.25,9,128,0.0,0.152076,0.00050533,3.2172e-05,0.358799,0.00801439,2032
0.25,10,2,0.25131442828090617,0.409697,0.000495816,8.1246e-05,0.717939,0.0080913,2032
0.25,10,4,0.25038419565568654,0.415419,0.000497594,8.2681e-05,0.71823,0.00807947,2032
0.25,10,8,0.22957444164450017,0.412863,0.000510597,8.1218e-05,0.718124,0.00803937,2032
0.25,10,16,0.22631312607548879,0.413346,0.000507719,8.1876e-05,0.718087,0.0080705,2032
0.25,10,32,0.0,0.288117,0.000504506,7.5661e-05,0.718396,0.00803988,2032
0.25,10,64,0.0,0.28812,0.000519041,7.6543e-05,0.718259,0.00805711,2032
0.25,10,128,0.0,0.285028,0.000514974,7.171e-05,0.717952,0.00805189,2032
0.25,11,2,0.2493305466630865,0.814767,0.000491464,0.000158509,1.4401,0.00805396,2032
0.25,11,4,0.25038419565568654,0.81431,0.000447473,0.000156771,1.31292,0.00645738,2032
0.25,11,8,0.2558027661568674,0.814204,0.000519725,0.000159458,1.34213,0.00713032,2032
0.25,11,16,0.22631312607548879,0.631576,0.00039173,0.000123439,1.10506,0.00613915,2032
0.25,11,32,0.41074216520900814,0.630361,0.000384122,0.00012255,1.10115,0.00615919,2032
0.25,11,64,0.0,0.434621,0.000391499,0.000119864,1.10154,0.00616507,2032
0.25,11,128,0.0,0.435857,0.00039537,0.00010906,1.10125,0.00614873,2032
0.25,12,2,0.25032242621555223,1.24135,0.000296844,0.000239856,2.21399,0.00615162,2032
0.25,12,4,0.25038419565568654,1.61174,0.000399592,0.00032219,2.2167,0.00620833,2032
0.25,12,8,0.2558027661568674,1.24118,0.000394231,0.000245771,2.2169,0.00616375,2032
0.25,12,16,0.22631312607548879,1.23662,0.000377998,0.000248441,2.2157,0.00615488,2032
0.25,12,32,0.22471711576164025,1.2411,0.000391692,0.000245557,2.22618,0.0061773,2032
0.25,12,64,0.0,0.850287,0.00039051,0.000241194,2.21623,0.00617403,2032
0.25,12,128,0.0,0.849283,0.000391298,0.0002304,2.21203,0.00614637,2032
0.5,6,2,0.5108256237659907,0.0403591,0.000421078,6.063e-06,0.0361388,0.00616198,2032
0.5,6,4,0.4519851237430572,0.0431467,0.000469871,6.924e-06,0.0359282,0.00617113,2032
0.5,6,8,0.7621400520468967,0.0401751,0.000376562,5.59e-06,0.0359307,0.00615773,2032
0.5,6,16,0.0,0.0332116,0.000562409,6.952e-06,0.0368484,0.00619353,2032
0.5,6,32,0.0,0.0357756,0.000475922,4.831e-06,0.0373908,0.00617762,2032
0.5,6,64,0.0,0.0341359,0.000527421,2.512e-06,0.0373773,0.00619428,2032
0.5,7,2,0.5108256237659907,0.0611073,0.000373269,9.248e-06,0.0697652,0.00615396,2032
0.5,7,4,0.4519851237430572,0.0649584,0.000442888,1.2474e-05,0.0911554,0.00803484,2032
0.5,7,8,0.42744401482693967,0.0588496,0.00038832,9.219e-06,0.0696911,0.00617175,2032
0.5,7,16,0.0,0.0509431,0.0005206,1.1471e-05,0.0915958,0.00807781,2032
0.5,7,32,0.0,0.0484339,0.000393918,7.683e-06,0.0696623,0.00613484,2032
0.5,7,64,0.0,0.0521823,0.000512352,7.62e-06,0.091323,0.00807916,2032
0.5,7,128,0.0,0.0474374,0.000391894,1.846e-06,0.0698987,0.00616538,2032
0.5,8,2,0.49419322371684865,0.116496,0.000483613,2.2005e-05,0.180009,0.00803353,2032
0.5,8,4,0.5035263212843791,0.0981583,0.00029763,1.6194e-05,0.138004,0.00615347,2032
0.5,8,8,0.42744401482693967,0.114137,0.000392766,2.1166e-05,0.179989,0.00805738,2032
0.5,8,16,0.7259370033829363,0.114428,0.000507202,2.2504e-05,0.180186,0.00805618,2032
0.5,8,32,0.0,0.0734307,0.000387144,1.537e-05,0.137818,0.00614717,2032
0.5,8,64,0.0,0.0755263,0.000385045,1.3232e-05,0.13779,0.00617445,2032
0.5,8,128,0.0,0.0849843,0.000500274,1.2443e-05,0.180255,0.00803042,2032
0.5,9,2,0.5025009138799591,0.174162,0.000370569,3.2359e-05,0.274249,0.00615921,2032
0.5,9,4,0.5035263212843791,0.215072,0.000379511,4.1466e-05,0.359716,0.00805074,2032
0.5,9,8,0.5175824062288704,0.174218,0.000289862,3.2215e-05,0.274149,0.00615567,2032
0.5,9,16,0.4161603972249123,0.214705,0.000507815,4.1858e-05,0.358989,0.0080574,2032
0.5,9,32,0.0,0.152394,0.000520092,3.9447e-05,0.358766,0.00805586,2032
0.5,9,64,0.0,0.151206,0.00051214,3.7346e-05,0.358638,0.00805766,2032
0.5,9,128,0.0,0.153635,0.000512401,3.2164e-05,0.358996,0.0080481,2032
0.5,10,2,0.4983449625423815,0.415482,0.000384791,8.1926e-05,0.717953,0.00805293,2032
0.5,10,4,0.5035263212843791,0.412325,0.000380884,8.0849e-05,0.71992,0.00806797,2032
0.5,10,8,0.5175824062288704,0.413109,0.000386571,7.7413e-05,0.71822,0.00803697,2032
0.5,10,16,0.4161603972249123,0.412337,0.000511599,7.6552e-05,0.719394,0.00806064,2032
0.5,10,32,0.7091475219063864,0.410795,0.000444554,8.2318e-05,0.718133,0.00806655,2032
0.5,10,64,0.0,0.288033,0.000510222,7.648e-05,0.718383,0.00807308,2032
0.5,10,128,0.0,0.285174,0.000511581,7.2393e-05,0.718161,0.00805312,2032
0.5,11,2,0.5004224090051046,0.814108,0.000486513,0.000155888,1.36908,0.00711804,2032
0.5,11,4,0.49712677940782873,0.633874,0.000298599,0.000122033,1.11183,0.0061965,2032
0.5,11,8,0.49551920248331505,0.81264,0.000515185,0.000159493,1.40063,0.00712967,2032
0.5,11,16,0.5010216236693699,0.812506,0.00049524,0.00015867,1.30293,0.00647195,2032
0.5,11,32,0.41074216520900814,0.628405,0.000397397,0.000122298,1.10193,0.00615522,2032
0.5,11,64,0.0,0.436567,0.00039427,0.000120483,1.11982,0.00616012,2032
0.5,11,128,0.0,0.433145,0.000390926,0.000114864,1.10157,0.00615677,2032
0.5,12,2,0.5004224090051046,1.24374,0.000377665,0.000245676,2.21843,0.00616928,2032
0.5,12,4,0.5003280376341035,1.24409,0.000380788,0.000245342,2.21208,0.00617853,2032
0.5,12,8,0.49551920248331505,1.24439,0.000388527,0.000247797,2.21202,0.00615831,2032
0.5,12,16,0.5010216236693699,1.61057,0.00051172,0.000320737,2.2282,0.00621655,2032
0.5,12,32,0.5698489642154517,1.23772,0.000397526,0.000240374,2.21587,0.00620305,2032
0.5,12,64,0.7010523600670585,1.23745,0.000394513,0.000243196,2.21198,0.00617481,2032
0.5,12,128,0.0,0.846459,0.000391122,0.000236741,2.21179,0.00618263,2032
1.0,6,2,1.0169342576538425,0.0433061,0.000468167,7.105e-06,0.035945,0.00619643,2032
1.0,6,4,1.0360919316867758,0.0416384,0.000444441,7.325e-06,0.0469324,0.00804035,2032
1.0,6,8,0.7621400520468967,0.0419509,0.000394049,5.555e-06,0.0359735,0.00615299,2032
1.0,6,16,0.0,0.0356603,0.000513822,6.421e-06,0.0471071,0.00806322,2032
1.0,6,32,0.0,0.0339825,0.000555427,5.475e-06,0.0373459,0.00618009,2032
1.0,6,64,0.0,0.0332076,0.000552979,2.598e-06,0.0473513,0.00807397,2032
1.0,7,2,1.0169342576538425,0.0672375,0.000489006,1.2102e-05,0.0911562,0.00804451,2032
1.0,7,4,1.0360919316867758,0.062071,0.000340114,9.246e-06,0.0696985,0.00618972,2032
1.0,7,8,1.0459685551826878,0.0666814,0.000381541,1.1877e-05,0.0909872,0.00806787,2032
1.0,7,16,1.1895840668738364,0.0584387,0.000370366,9.066e-06,0.0698692,0.00614014,2032
1.0,7,32,0.0,0.0477828,0.000386249,7.829e-06,0.0706153,0.00615328,2032
1.0,7,64,0.0,0.050313,0.000388951,5.832e-06,0.0699502,0.00615308,2032
1.0,7,128,0.0,0.0488521,0.000393994,1.808e-06,0.0698457,0.00616304,2032
1.0,8,2,0.9970021122573273,0.116883,0.000486494,2.1898e-05,0.180069,0.00801541,2032
1.0,8,4,0.9891280558264214,0.0973005,0.000375304,1.7033e-05,0.137722,0.00615428,2032
1.0,8,8,1.0459685551826878,0.116124,0.000485166,2.219e-05,0.180212,0.0080266,2032
1.0,8,16,1.1895840668738364,0.0963423,0.000334789,1.7046e-05,0.137755,0.00616081,2032
1.0,8,32,0.0,0.0862419,0.00050774,1.9768e-05,0.179977,0.0080457,2032
1.0,8,64,0.0,0.0753463,0.000389004,1.3268e-05,0.137914,0.00614812,2032
1.0,8,128,0.0,0.0856708,0.000510978,1.2639e-05,0.180203,0.00804118,2032
1.0,9,2,0.9970021122573273,0.17692,0.000294474,3.1648e-05,0.274174,0.0061554,2032
1.0,9,4,0.9891280558264214,0.215322,0.000484944,4.1914e-05,0.358751,0.00807051,2032
1.0,9,8,0.9784679768260465,0.174675,0.000390019,3.194e-05,0.274382,0.006155,2032
1.0,9,16,0.9765095918672099,0.173979,0.000390479,3.219e-05,0.274497,0.00616866,2032
1.0,9,32,1.1420974006078486,0.172281,0.000393806,3.2537e-05,0.274179,0.00616661,2032
1.0,9,64,0.0,0.152811,0.000505249,3.7249e-05,0.358681,0.00805865,2032
1.0,9,128,0.0,0.127327,0.000390365,2.476e-05,0.275061,0.00617203,2032
1.0,10,2,1.0019678858506482,0.328608,0.000375019,6.2936e-05,0.549572,0.00614775,2032
1.0,10,4,1.000878317241835,0.413959,0.00038181,8.0393e-05,0.718133,0.00806476,2032
1.0,10,8,1.0124663379549088,0.363004,0.000651195,8.5469e-05,0.727305,0.008062,2032
1.0,10,16,0.9765095918672099,0.410696,0.000512185,8.1804e-05,0.718064,0.00806771,2032
1.0,10,32,1.1420974006078486,0.407949,0.000490367,8.2261e-05,0.718674,0.00806886,2032
1.0,10,64,0.0,0.287848,0.000515603,7.6388e-05,0.718244,0.00804254,2032
1.0,10,128,0.0,0.285083,0.000510774,7.2409e-05,0.718102,0.00807128,2032
1.0,11,2,0.9994835752667138,0.814915,0.000493225,0.000161451,1.4409,0.00802251,2032
1.0,11,4,1.000878317241835,0.813325,0.000483804,0.000162313,1.44068,0.00807378,2032
1.0,11,8,0.9955310761799436,0.8139,0.000516981,0.000161147,1.27016,0.00647313,2032
1.0,11,16,0.9765095918672099,0.806655,0.000517458,0.000160968,1.34268,0.00711853,2032
1.0,11,32,0.9453719411749968,0.629273,0.000395897,0.000124184,1.1052,0.00615589,2032
1.0,11,64,1.1198896871153945,0.625061,0.000394891,0.000121954,1.10227,0.00616145,2032
1.0,11,128,0.0,0.553819,0.000514572,0.000149468,1.44077,0.00808826,2032
1.0,12,2,0.9994835752667138,1.61922,0.000387482,0.000315452,2.34097,0.00617467,2032
1.0,12,4,1.000878317241835,1.61113,0.000387465,0.000313181,2.3692,0.00620778,2032
1.0,12,8,1.0040144441663743,1.62098,0.000441926,0.00032644,2.56341,0.0064842,2032
1.0,12,16,1.0048881520194195,1.27551,0.000511862,0.000321836,2.59866,0.00646667,2032
1.0,12,32,1.0477538714346186,1.23994,0.000397722,0.000250882,2.21281,0.0061826,2032
1.0,12,64,1.1198896871153945,1.59699,0.000514945,0.000321,2.23831,0.00616969,2032
1.0,12,128,0.0,0.861936,0.000392867,0.000236762,2.21575,0.00617325,2032
2.0,6,2,1.9459101490553132,0.0407509,0.000370657,5.534e-06,0.0357466,0.0061618,2032
2.0,6,4,2.03688192726104,0.0429583,0.000443536,7.012e-06,0.0468563,0.0080627,2032
2.0,6,8,2.1972245773362196,0.0395746,0.00050412,6.928e-06,0.036099,0.00617924,2032
2.0,6,16,1.8458266904983307,0.0424268,0.000488979,6.756e-06,0.036404,0.00619674,2032
2.0,6,32,0.0,0.0361916,0.00049236,4.797e-06,0.0375497,0.00618481,2032
2.0,6,64,0.0,0.0332397,0.000557769,2.66e-06,0.0371297,0.00621715,2032
2.0,7,2,2.0193376176101303,0.0616014,0.000375756,9.458e-06,0.069594,0.00616073,2032
2.0,7,4,2.03688192726104,0.0596871,0.0003399,9.311e-06,0.0696711,0.00613325,2032
2.0,7,8,1.9771626925594177,0.0589758,0.000391287,9.346e-06,0.0698467,0.00617055,2032
2.0,7,16,1.8458266904983307,0.0594675,0.00038993,9.21e-06,0.069699,0.00617039,2032
2.0,7,32,2.456735772821304,0.0639916,0.00050864,1.2254e-05,0.091246,0.00806336,2032
2.0,7,64,0.0,0.0526925,0.000508886,7.58e-06,0.0914119,0.00805135,2032
2.0,7,128,0.0,0.0506157,0.000515416,2.429e-06,0.0913143,0.00803081,2032
2.0,8,2,1.9821131977192739,0.115064,0.000387416,2.1524e-05,0.179832,0.00803685,2032
2.0,8,4,1.979621206397625,0.117597,0.000384465,2.1568e-05,0.18005,0.00804667,2032
2.0,8,8,1.9771626925594177,0.114537,0.00048327,2.2341e-05,0.18006,0.00803636,2032
2.0,8,16,2.1129642337184795,0.113745,0.000490173,2.2115e-05,0.179967,0.0080306,2032
2.0,8,32,1.717651497074333,0.113841,0.000511175,2.2089e-05,0.180399,0.00798083,2032
2.0,8,64,0.0,0.0837595,0.00053646,1.731e-05,0.189002,0.00813794,2032
2.0,8,128,0.0,0.0750949,0.000388326,9.601e-06,0.137914,0.00609993,2032
2.0,9,2,2.0005934753293673,0.174086,0.000292712,3.1509e-05,0.27427,0.00617128,2032
2.0,9,4,2.008077055471865,0.176051,0.000372626,3.2195e-05,0.274109,0.00615446,2032
2.0,9,8,1.9771626925594177,0.213275,0.000438355,4.2134e-05,0.358585,0.00804401,2032
2.0,9,16,1.9824995964876055,0.213244,0.000383401,4.1583e-05,0.358529,0.00807168,2032
2.0,9,32,2.126398524767607,0.213097,0.000490161,4.2325e-05,0.359889,0.00806345,2032
2.0,9,64,2.316769727986002,0.20753,0.000513328,4.2445e-05,0.358566,0.00807806,2032
2.0,9,128,0.0,0.150449,0.000510827,3.2596e-05,0.359539,0.0080481,2032
2.0,10,2,2.0005934753293673,0.413897,0.000385046,8.006e-05,0.718139,0.00803225,2032
2.0,10,4,1.9938066273989294,0.415871,0.000494223,8.1465e-05,0.717951,0.00807636,2032
2.0,10,8,2.004520671500047,0.414005,0.000510278,8.1093e-05,0.718037,0.00806117,2032
2.0,10,16,1.9824995964876055,0.410842,0.000508107,8.2596e-05,0.72013,0.00807793,2032
2.0,10,32,1.9352717508502575,0.411775,0.000512677,8.2261e-05,0.71792,0.0080759,2032
2.0,10,64,1.6613976513648114,0.40904,0.00051046,8.184e-05,0.719133,0.00806244,2032
2.0,10,128,0.0,0.288096,0.000510134,7.1547e-05,0.718318,0.00805502,2032
2.0,11,2,2.0005934753293673,0.812723,0.000495828,0.000160543,1.31893,0.00712372,2032
2.0,11,4,2.000931077457216,0.814542,0.000494787,0.000156312,1.3315,0.00712598,2032
2.0,11,8,2.004520671500047,0.813693,0.00049838,0.000164241,1.29712,0.00645202,2032
2.0,11,16,2.01563535305394,0.628868,0.000395283,0.000119904,1.10179,0.00617821,2032
2.0,11,32,2.0335951535544172,0.812443,0.000513049,0.000159572,1.44006,0.00805838,2032
2.0,11,64,2.0308668715312788,0.627867,0.00038767,0.000124688,1.10215,0.00615561,2032
2.0,11,128,2.2547944291576973,0.799108,0.000512793,0.000157339,1.34831,0.00709503,2032
2.0,12,2,2.0005934753293673,1.40716,0.000494806,0.000321387,2.29843,0.00617568,2032
2.0,12,4,2.000931077457216,1.24431,0.000371708,0.000242726,2.21167,0.00617229,2032
2.0,12,8,1.99767952057635,1.61167,0.000490823,0.00032026,2.33325,0.0062661,2032
2.0,12,16,1.999114185118778,1.6117,0.000509411,0.000316713,2.25951,0.00619997,2032
2.0,12,32,1.985182211408842,1.61448,0.00051061,0.000322175,2.2236,0.00619856,2032
2.0,12,64,2.0308668715312788,1.23538,0.000392395,0.00024382,2.2116,0.00619003,2032
2.0,12,128,2.2547944291576973,1.21773,0.000396546,0.000247304,2.23087,0.00614553,2032
4.0,6,2,4.143134726391533,0.0433295,0.000295088,4.94e-06,0.0358388,0.00615082,2032
4.0,6,4,4.110873864173311,0.0428423,0.00048743,7.327e-06,0.0468485,0.00804352,2032
4.0,6,8,4.04305126783455,0.039817,0.000335247,5.48e-06,0.035726,0.00614214,2032
4.0,6,16,3.8918202981106265,0.0399348,0.000390951,5.622e-06,0.0357995,0.00615509,2032
4.0,6,32,3.4965075614664802,0.0387688,0.000530224,7.55e-06,0.0468179,0.00807159,2032
4.0,6,64,0.0,0.0345223,0.000530442,2.566e-06,0.0373792,0.00619857,2032
4.0,7,2,4.143134726391533,0.0620858,0.00036946,9.386e-06,0.069602,0.00616903,2032
4.0,7,4,4.110873864173311,0.0671929,0.000441203,1.2444e-05,0.0909662,0.00805543,2032
4.0,7,8,4.04305126783455,0.0659293,0.000744534,1.7849e-05,0.074785,0.0062511,2032
4.0,7,16,3.8918202981106265,0.0638375,0.000516863,1.222e-05,0.0908872,0.00790817,2032
4.0,7,32,4.574710978503383,0.0649279,0.000508752,1.2102e-05,0.090952,0.00791908,2032
4.0,7,64,4.174387269895637,0.059396,0.000512181,1.2374e-05,0.0909058,0.00790441,2032
4.0,7,128,0.0,0.0522906,0.00050532,2.424e-06,0.091081,0.00791638,2032
4.0,8,2,3.9160150266976834,0.115984,0.00048699,2.2368e-05,0.179941,0.00804291,2032
4.0,8,4,4.110873864173311,0.114836,0.000439087,2.2124e-05,0.180011,0.00805353,2032
4.0,8,8,4.04305126783455,0.113114,0.000508814,2.2227e-05,0.179934,0.008055,2032
4.0,8,16,3.8918202981106265,0.111039,0.000516643,2.1862e-05,0.180129,0.00805795,2032
4.0,8,32,3.9951379121386528,0.113034,0.000509822,2.2041e-05,0.179906,0.0080078,2032
4.0,8,64,4.174387269895637,0.10156,0.000510211,2.2641e-05,0.180054,0.00806736,2032
4.0,8,128,4.859812404361672,0.100691,0.000509208,2.2597e-05,0.180219,0.00805629,2032
4.0,9,2,4.02336559276352,0.216716,0.000380023,4.1501e-05,0.359085,0.00807957,2032
4.0,9,4,3.9869243136012638,0.21637,0.000438999,4.0954e-05,0.359151,0.00805896,2032
4.0,9,8,4.04305126783455,0.208748,0.00038737,4.0985e-05,0.359336,0.00808649,2032
4.0,9,16,4.062903036387282,0.215452,0.000442439,4.2089e-05,0.358914,0.00804455,2032
4.0,9,32,3.9951379121386528,0.207709,0.000510246,4.2713e-05,0.359291,0.00807247,2032
4.0,9,64,4.174387269895637,0.185819,0.000508817,4.205e-05,0.359128,0.0080698,2032
4.0,9,128,3.7765850345330416,0.199465,0.000517654,4.1592e-05,0.358373,0.00805378,2032
4.0,10,2,4.02336559276352,0.414219,0.000490252,7.9298e-05,0.717825,0.00803634,2032
4.0,10,4,3.9869243136012638,0.414991,0.000383601,7.9055e-05,0.717917,0.00805518,2032
4.0,10,8,3.97472159964371,0.413649,0.000523997,8.2349e-05,0.718003,0.00805521,2032
4.0,10,16,3.9753107446640645,0.412667,0.000513339,8.1519e-05,0.718021,0.00805735,2032
4.0,10,32,3.9951379121386528,0.39829,0.000509933,8.1995e-05,0.717981,0.0080505,2032
4.0,10,64,3.9274588135579855,0.40766,0.000510494,8.2529e-05,0.71841,0.00808734,2032
4.0,10,128,3.7765850345330416,0.38244,0.000511717,8.1748e-05,0.719404,0.00804434,2032
4.0,11,2,3.995469477128428,0.814052,0.000387829,0.000160772,1.40126,0.00713753,2032
4.0,11,4,3.9869243136012638,0.813079,0.000486788,0.000161143,1.34197,0.00711612,2032
4.0,11,8,4.008434506929691,0.633029,0.000393036,0.0001251,1.10138,0.006157,2032
4.0,11,16,4.0185552481387345,0.633235,0.000395152,0.000121516,1.1013,0.00613618,2032
4.0,11,32,3.9951379121386528,0.611265,0.000392312,0.000124156,1.10169,0.00617002,2032
4.0,11,64,4.051273307986567,0.625952,0.000393916,0.000124582,1.10097,0.00618795,2032
4.0,11,128,4.080614369410199,0.621985,0.000390003,0.00012316,1.10548,0.00617288,2032
4.0,12,2,3.995469477128428,1.6122,0.000389593,0.000322738,2.26011,0.00619502,2032
4.0,12,4,4.001683452690352,1.24755,0.000295978,0.000246531,2.21725,0.00618632,2032
4.0,12,8,4.008434506929691,1.61325,0.000490984,0.000320889,2.24881,0.0061783,2032
4.0,12,16,3.9968002501837945,1.25177,0.000391894,0.000245878,2.21191,0.00617118,2032
4.0,12,32,3.9951379121386528,1.54891,0.000500341,0.000317067,2.26399,0.00620516,2032
4.0,12,64,3.9895130071690437,1.60656,0.000525236,0.000321935,2.26412,0.00619191,2032
4.0,12,128,3.9335292106491098,1.23271,0.000395519,0.000241072,2.21705,0.00620151,2032
8.0,11,2,7.624130585661289,0.813322,0.000389864,0.000163969,1.39439,0.0071424,2032
8.0,11,4,7.623153068476902,0.630658,0.000380218,0.000123392,1.10101,0.00616755,2032
8.0,11,8,7.621195162809845,0.812949,0.00051553,0.00015983,1.3433,0.00713775,2032
8.0,11,16,7.617267813628347,0.633031,0.000394346,0.000124321,1.11153,0.00617188,2032
8.0,11,32,7.6093665379542115,0.628853,0.000396008,0.00012371,1.10137,0.00617405,2032
8.0,11,64,7.59337419312129,0.805548,0.000521081,0.000162587,1.30944,0.00647085,2032
8.0,11,128,7.560601162768557,0.797916,0.00051114,0.000159862,1.32056,0.00712413,2032
8.0,12,2,8.31752199628717,1.61147,0.000383867,0.000318609,2.22873,0.00620702,2032
8.0,12,4,8.317033476492403,1.24244,0.000378931,0.000249227,2.22419,0.00617706,2032
8.0,12,8,8.316055720364643,1.24167,0.00034526,0.000243781,2.21462,0.00616686,2032
8.0,12,16,8.314097335405807,1.2402,0.000388995,0.000246473,2.21176,0.00617157,2032
8.0,12,32,8.310169021981912,1.60888,0.000511842,0.000320058,2.46074,0.00620384,2032
8.0,12,64,8.302265794873367,1.25026,0.000394154,0.000245553,2.2172,0.00616695,2032
8.0,12,128,8.286269452783065,1.22835,0.00039072,0.000251227,2.21138,0.00626682,2032
0.125,6,2,0.125163142954006,0.0409694,0.000384361,5.629e-06,0.0374404,0.00625143,2032
0.125,6,4,0.23638877806423034,0.0435017,0.000427853,7.028e-06,0.0359142,0.00617151,2032
0.125,6,8,0.0,0.0349996,0.000532186,6.945e-06,0.0369361,0.00619781,2032
0.125,6,16,0.0,0.0341055,0.000604953,7.269e-06,0.0368223,0.00619654,2032
0.125,6,32,0.0,0.0359781,0.000488899,4.749e-06,0.0373092,0.00617535,2032
0.125,6,64,0.0,0.0330132,0.000580151,2.796e-06,0.0372015,0.00623378,2032
0.125,7,2,0.125163142954006,0.0610021,0.000368278,9.22e-06,0.0697502,0.00620692,2032
0.125,7,4,0.12136085700426753,0.0589882,0.000380414,9.281e-06,0.0697304,0.00614881,2032
0.125,7,8,0.0,0.0513741,0.000390549,9.054e-06,0.0697777,0.00616017,2032
0.125,7,16,0.0,0.0488097,0.000393286,8.415e-06,0.069707,0.00613268,2032
0.125,7,32,0.0,0.0480372,0.000391497,7.684e-06,0.0697196,0.00616869,2032
0.125,7,64,0.0,0.0470588,0.000392906,8.94e-06,0.0699594,0.00616279,2032
0.125,7,128,0.0,0.0480807,0.000388483,1.836e-06,0.0697793,0.00615602,2032
0.125,8,2,0.125163142954006,0.0974782,0.0003751,1.6996e-05,0.137598,0.00616279,2032
0.125,8,4,0.12136085700426753,0.0982618,0.00037473,1.6701e-05,0.137748,0.00615553,2032
0.125,8,8,0.22957444164450017,0.0991444,0.000339235,1.6672e-05,0.137598,0.00614753,2032
0.125,8,16,0.0,0.0755145,0.000390681,1.6232e-05,0.138356,0.00625395,2032
0.125,8,32,0.0,0.0853027,0.000516129,1.9835e-05,0.18024,0.00804629,2032
0.125,8,64,0.0,0.0728547,0.000392601,1.3072e-05,0.137988,0.0061705,2032
0.125,8,128,0.0,0.0744954,0.000388795,9.556e-06,0.137671,0.00618841,2032
0.125,9,2,0.125163142954006,0.17509,0.000372812,3.2362e-05,0.274403,0.00616492,2032
0.125,9,4,0.12136085700426753,0.176706,0.000374702,3.1967e-05,0.274466,0.00616051,2032
0.125,9,8,0.11954515064978273,0.172599,0.000376749,3.2319e-05,0.274508,0.00615984,2032
0.125,9,16,0.0,0.130468,0.000387663,3.1429e-05,0.274846,0.00615951,2032
0.125,9,32,0.0,0.125856,0.000391014,2.9744e-05,0.275002,0.00617064,2032
0.125,9,64,0.0,0.15321,0.000512794,3.8078e-05,0.358871,0.0080629,2032
0.125,9,128,0.0,0.126071,0.000391034,2.4406e-05,0.274314,0.00615563,2032
0.125,10,2,0.125163142954006,0.410942,0.000388423,8.0452e-05,0.717827,0.00804361,2032
0.125,10,4,0.12136085700426753,0.414004,0.000385085,8.1961e-05,0.718101,0.00808431,2032
0.125,10,8,0.11954515064978273,0.416106,0.00049697,8.1677e-05,0.717915,0.00805498,2032
0.125,10,16,0.22631312607548879,0.413271,0.000510511,8.1284e-05,0.718084,0.00804994,2032
0.125,10,32,0.0,0.288623,0.000518268,7.9557e-05,0.718168,0.00803975,2032
0.125,10,64,0.0,0.287891,0.000507016,7.6007e-05,0.718281,0.00808753,2032
0.125,10,128,0.0,0.285056,0.000512231,7.2026e-05,0.717918,0.00804987,2032
0.125,11,2,0.125163142954006,0.80637,0.000389428,0.000160176,1.38121,0.00715129,2032
0.125,11,4,0.12136085700426753,0.809301,0.000496797,0.000157636,1.27121,0.00644926,2032
0.125,11,8,0.11954515064978273,0.629418,0.000393476,0.000123577,1.10304,0.00614239,2032
0.125,11,16,0.118657543801316,0.813803,0.000511169,0.000161207,1.31782,0.00712233,2032
0.125,11,32,0.0,0.439725,0.000392062,0.000121303,1.10685,0.00615798,2032
0.125,11,64,0.0,0.434308,0.000392135,0.000119041,1.10124,0.00615874,2032
0.125,11,128,0.0,0.437712,0.000393923,0.000114683,1.10153,0.00616634,2032
0.125,12,2,0.125163142954006,1.23006,0.000299026,0.000241042,2.22276,0.0061863,2032
0.125,12,4,0.12504442040845523,1.24823,0.000342849,0.000247372,2.21288,0.00617851,2032
0.125,12,8,0.11954515064978273,1.23843,0.000345419,0.000249398,2.21257,0.0061675,2032
0.125,12,16,0.118657543801316,1.60659,0.00051575,0.000319312,2.45862,0.00619331,2032
0.125,12,32,0.22471711576164025,1.61449,0.000525266,0.000316368,2.43561,0.00628679,2032
0.125,12,64,0.0,1.10096,0.000497119,0.000317829,2.37219,0.00619624,2032
0.125,12,128,0.0,1.09599,0.000518895,0.000307535,2.40589,0.00620486,2032
0.25,6,2,0.25131442828090617,0.0404949,0.000370621,5.557e-06,0.0362362,0.00624082,2032
0.25,6,4,0.23638877806423034,0.0429329,0.000494183,7.01e-06,0.0468518,0.00802982,2032
0.25,6,8,0.0,0.0361673,0.000454775,5.772e-06,0.0370497,0.00618798,2032
0.25,6,16,0.0,0.0358269,0.000507527,5.816e-06,0.046852,0.00805412,2032
0.25,6,32,0.0,0.0344171,0.000612636,5.698e-06,0.0364702,0.00621632,2032
0.25,6,64,0.0,0.0333266,0.000483311,2.373e-06,0.0473622,0.00803905,2032
0.25,7,2,0.25131442828090617,0.0671201,0.000384594,1.157e-05,0.0912142,0.00804684,2032
0.25,7,4,0.23638877806423034,0.0595773,0.000293266,8.904e-06,0.0697462,0.0061362,2032
0.25,7,8,0.42744401482693967,0.065837,0.000385379,1.1617e-05,0.0912282,0.00807039,2032
0.25,7,16,0.0,0.0509644,0.000338357,8.341e-06,0.0715536,0.00633255,2032
0.25,7,32,0.0,0.0506627,0.000508626,9.775e-06,0.0911793,0.0080604,2032
0.25,7,64,0.0,0.0504934,0.000508511,7.317e-06,0.0911859,0.00804552,2032
0.25,7,128,0.0,0.0502917,0.000392431,1.877e-06,0.0701638,0.00613744,2032
0.25,8,2,0.25131442828090617,0.113359,0.000387825,2.147e-05,0.180024,0.00806382,2032
0.25,8,4,0.23638877806423034,0.0974651,0.000372993,1.7134e-05,0.137824,0.00617547,2032
0.25,8,8,0.22957444164450017,0.11509,0.000489698,2.1737e-05,0.180263,0.0080694,2032
0.25,8,16,0.0,0.0743139,0.000387148,1.6067e-05,0.13776,0.00614922,2032
0.25,8,32,0.0,0.0850747,0.000512176,1.9894e-05,0.180049,0.00804288,2032
0.25,8,64,0.0,0.0744258,0.000390974,1.3391e-05,0.137668,0.00617043,2032
0.25,8,128,0.0,0.0835628,0.000508218,1.2668e-05,0.180427,0.00806945,2032
0.25,9,2,0.25131442828090617,0.170558,0.000299296,3.1753e-05,0.274789,0.00616105,2032
0.25,9,4,0.23638877806423034,0.213836,0.000488773,4.2332e-05,0.358903,0.00810303,2032
0.25,9,8,0.22957444164450017,0.172355,0.000374859,3.2258e-05,0.277989,0.00624049,2032
0.25,9,16,0.4161603972249123,0.214489,0.000508482,4.1756e-05,0.358707,0.00805991,2032
0.25,9,32,0.0,0.152866,0.000518189,3.9927e-05,0.35892,0.00805779,2032
0.25,9,64,0.0,0.15279,0.000509063,3.7328e-05,0.358682,0.00802932,2032
0.25,9,128,0.0,0.124265,0.000390471,2.4643e-05,0.274304,0.00614411,2032
0.25,10,2,0.25131442828090617,0.407371,0.000486798,8.1609e-05,0.718513,0.00804131,2032
0.25,10,4,0.25038419565568654,0.415998,0.000491818,8.3103e-05,0.718434,0.00806136,2032
0.25,10,8,0.22957444164450017,0.413137,0.000512677,8.2192e-05,0.718098,0.00806595,2032
0.25,10,16,0.22631312607548879,0.413009,0.000384524,8.0396e-05,0.718056,0.00804736,2032
0.25,10,32,0.0,0.2884,0.00051261,7.9341e-05,0.718154,0.00804943,2032
0.25,10,64,0.0,0.286145,0.000515024,7.7214e-05,0.718225,0.00804642,2032
0.25,10,128,0.0,0.285279,0.000506828,7.2628e-05,0.718887,0.00806993,2032
0.25,11,2,0.2493305466630865,0.813983,0.000385638,0.000162572,1.44031,0.00808542,2032
0.25,11,4,0.25038419565568654,0.815005,0.00044842,0.000158447,1.319,0.00646458,2032
0.25,11,8,0.2558027661568674,0.815276,0.000516603,0.000162934,1.31193,0.00646423,2032
0.25,11,16,0.22631312607548879,0.630214,0.000389916,0.000124717,1.11445,0.00611635,2032
0.25,11,32,0.41074216520900814,0.632341,0.000408839,0.000126372,1.10398,0.00615597,2032
0.25,11,64,0.0,0.435721,0.000393458,0.000121181,1.1014,0.00615206,2032
0.25,11,128,0.0,0.556431,0.000515171,0.000153026,1.35339,0.0071061,2032
0.25,12,2,0.25032242621555223,1.25068,0.000300119,0.000246477,2.21103,0.00617224,2032
0.25,12,4,0.25038419565568654,1.61291,0.000441616,0.000323818,2.36216,0.0061797,2032
0.25,12,8,0.2558027661568674,1.24085,0.000295883,0.000243851,2.21195,0.00615836,2032
0.25,12,16,0.22631312607548879,1.60363,0.000515932,0.000321809,2.22916,0.00617426,2032
0.25,12,32,0.22471711576164025,1.60784,0.000489762,0.000323149,2.31679,0.00621077,2032
0.25,12,64,0.0,0.849824,0.000397798,0.000238894,2.21607,0.00615629,2032
0.25,12,128,0.0,1.09518,0.000511765,0.000308904,2.37266,0.00619692,2032
0.5,6,2,0.5108256237659907,0.041261,0.000293205,5.049e-06,0.0359101,0.00613401,2032
0.5,6,4,0.4519851237430572,0.0418723,0.000392275,6.644e-06,0.0470087,0.00805623,2032
0.5,6,8,0.7621400520468967,0.0396405,0.000383567,5.698e-06,0.0361549,0.00616953,2032
0.5,6,16,0.0,0.0338905,0.000509052,6.908e-06,0.0472491,0.00804814,2032
0.5,6,32,0.0,0.0333029,0.000579462,4.473e-06,0.0364362,0.00621059,2032
0.5,6,64,0.0,0.033975,0.000529315,1.437e-06,0.0466734,0.00804841,2032
0.5,7,2,0.5108256237659907,0.0665949,0.000493182,1.2108e-05,0.0910483,0.00804668,2032
0.5,7,4,0.4519851237430572,0.0604076,0.000340246,9.357e-06,0.0696491,0.00616472,2032
0.5,7,8,0.42744401482693967,0.0665031,0.00051625,1.1886e-05,0.0912601,0.00808299,2032
0.5,7,16,0.0,0.0507966,0.000383292,8.542e-06,0.0696422,0.00617219,2032
0.5,7,32,0.0,0.0511264,0.00050522,9.992e-06,0.0911439,0.00806407,2032
0.5,7,64,0.0,0.0470637,0.000391028,5.739e-06,0.0697397,0.0061382,2032
0.5,7,128,0.0,0.0510072,0.000516799,2.422e-06,0.0913765,0.00808869,2032
0.5,8,2,0.49419322371684865,0.0995507,0.000379343,1.6929e-05,0.13795,0.00615994,2032
0.5,8,4,0.5035263212843791,0.118831,0.000440122,2.1884e-05,0.179728,0.00802901,2032
0.5,8,8,0.42744401482693967,0.116669,0.000489506,2.0995e-05,0.180148,0.0080513,2032
0.5,8,16,0.7259370033829363,0.0973928,0.000336098,1.6889e-05,0.137666,0.00613136,2032
0.5,8,32,0.0,0.0847406,0.000513411,2.0289e-05,0.180198,0.00804168,2032
0.5,8,64,0.0,0.072925,0.000389223,1.328e-05,0.13772,0.0061708,2032
0.5,8,128,0.0,0.0843899,0.00050961,1.2587e-05,0.180044,0.00805968,2032
0.5,9,2,0.5025009138799591,0.1736,0.000292937,3.1604e-05,0.274064,0.00617624,2032
0.5,9,4,0.5035263212843791,0.21526,0.000486229,4.1149e-05,0.358665,0.00805717,2032
0.5,9,8,0.5175824062288704,0.174487,0.000334762,3.2183e-05,0.2741,0.00616175,2032
0.5,9,16,0.4161603972249123,0.175967,0.000386311,3.1899e-05,0.274568,0.00618917,2032
0.5,9,32,0.0,0.153746,0.00049379,4.0065e-05,0.358602,0.00807023,2032
0.5,9,64,0.0,0.150866,0.000509161,3.7259e-05,0.358571,0.00803937,2032
0.5,9,128,0.0,0.125957,0.000390633,2.4822e-05,0.274361,0.00616524,2032
0.5,10,2,0.4983449625423815,0.415148,0.000385226,8.1235e-05,0.718057,0.00806308,2032
0.5,10,4,0.5035263212843791,0.325455,0.00037085,6.2219e-05,0.548909,0.00616819,2032
0.5,10,8,0.5175824062288704,0.414232,0.000526547,8.1858e-05,0.720584,0.00803839,2032
0.5,10,16,0.4161603972249123,0.323322,0.000385033,6.4857e-05,0.549166,0.00617517,2032
0.5,10,32,0.7091475219063864,0.415065,0.000515788,8.1889e-05,0.718216,0.00806526,2032
0.5,10,64,0.0,0.227795,0.000388649,5.8696e-05,0.549098,0.00614283,2032
0.5,10,128,0.0,0.287502,0.000513029,7.1633e-05,0.71822,0.00805146,2032
0.5,11,2,0.5004224090051046,0.636078,0.000380782,0.000123629,1.11161,0.00616808,2032
0.5,11,4,0.49712677940782873,0.814717,0.00038816,0.00015959,1.32317,0.0071433,2032
0.5,11,8,0.49551920248331505,0.633125,0.000391447,0.000117801,1.10377,0.00615724,2032
0.5,11,16,0.5010216236693699,0.632652,0.000397598,0.000124224,1.10203,0.0062061,2032
0.5,11,32,0.41074216520900814,0.630329,0.000393771,0.000122611,1.10324,0.00615165,2032
0.5,11,64,0.0,0.564316,0.000512738,0.000153567,1.38547,0.00709178,2032
0.5,11,128,0.0,0.555328,0.000517891,0.00015284,1.43985,0.00809058,2032
0.5,12,2,0.5004224090051046,1.24464,0.000374736,0.000246965,2.21596,0.00622315,2032
0.5,12,4,0.5003280376341035,1.61143,0.000490518,0.000327613,2.22412,0.00618008,2032
0.5,12,8,0.49551920248331505,1.60906,0.000495861,0.000322332,2.45415,0.00619891,2032
0.5,12,16,0.5010216236693699,1.24647,0.000350263,0.000252157,2.62268,0.00643357,2032
0.5,12,32,0.5698489642154517,1.61355,0.000518681,0.000308855,2.26998,0.00619455,2032
0.5,12,64,0.7010523600670585,1.23906,0.000390311,0.000243947,2.22116,0.00616797,2032
0.5,12,128,0.0,0.844643,0.000394808,0.000239942,2.21306,0.00617047,2032
1.0,6,2,1.0169342576538425,0.0425659,0.000490403,7.234e-06,0.0467899,0.00805178,2032
1.0,6,4,1.0360919316867758,0.0430354,0.000443451,7.368e-06,0.0470095,0.0080541,2032
1.0,6,8,0.7621400520468967,0.0404698,0.000427459,6.095e-06,0.0363859,0.00614213,2032
1.0,6,16,0.0,0.0337258,0.000552826,6.643e-06,0.0472952,0.00803302,2032
1.0,6,32,0.0,0.0355006,0.000443908,4.911e-06,0.0470793,0.0080396,2032
1.0,6,64,0.0,0.0334157,0.000635699,2.931e-06,0.0471964,0.00810386,2032
1.0,7,2,1.0169342576538425,0.0602276,0.000294933,8.956e-06,0.069786,0.0061382,2032
1.0,7,4,1.0360919316867758,0.0660508,0.000387119,1.1544e-05,0.0912308,0.00799583,2032
1.0,7,8,1.0459685551826878,0.0601449,0.000339923,9.214e-06,0.0696823,0.00615512,2032
1.0,7,16,1.1895840668738364,0.0646218,0.000508706,1.1825e-05,0.0911035,0.00807882,2032
1.0,7,32,0.0,0.0491356,0.000388019,7.305e-06,0.0695431,0.00616479,2032
1.0,7,64,0.0,0.0508775,0.00050972,7.274e-06,0.0913096,0.00805798,2032
1.0,7,128,0.0,0.0501583,0.000514251,2.431e-06,0.0913466,0.00806141,2032
1.0,8,2,0.9970021122573273,0.11524,0.00038335,2.1479e-05,0.179955,0.00803828,2032
1.0,8,4,0.9891280558264214,0.115295,0.000487104,2.2011e-05,0.179834,0.00801522,2032
1.0,8,8,1.0459685551826878,0.115978,0.000518413,2.1983e-05,0.180176,0.00807199,2032
1.0,8,16,1.1895840668738364,0.114118,0.000509359,2.2261e-05,0.179897,0.00806552,2032
1.0,8,32,0.0,0.0851803,0.000511446,1.9752e-05,0.180106,0.00804938,2032
1.0,8,64,0.0,0.0858724,0.00051863,1.7205e-05,0.180032,0.0080562,2032
1.0,8,128,0.0,0.0847195,0.00050525,1.252e-05,0.180095,0.00802626,2032
1.0,9,2,0.9970021122573273,0.217009,0.000384306,4.0879e-05,0.358832,0.00805077,2032
1.0,9,4,0.9891280558264214,0.215212,0.000387948,4.1291e-05,0.358585,0.00808841,2032
1.0,9,8,0.9784679768260465,0.215235,0.000388749,4.1745e-05,0.358948,0.00806358,2032
1.0,9,16,0.9765095918672099,0.215884,0.000511901,4.1812e-05,0.35906,0.00802695,2032
1.0,9,32,1.1420974006078486,0.213103,0.000515099,4.2012e-05,0.358895,0.00806757,2032
1.0,9,64,0.0,0.152055,0.000514459,3.719e-05,0.359143,0.00805483,2032
1.0,9,128,0.0,0.150817,0.000511516,3.2034e-05,0.358493,0.00803639,2032
1.0,10,2,1.0019678858506482,0.417038,0.000391141,7.9912e-05,0.717931,0.00807836,2032
1.0,10,4,1.000878317241835,0.417817,0.000384248,7.9861e-05,0.718024,0.00804589,2032
1.0,10,8,1.0124663379549088,0.415218,0.000495792,7.9874e-05,0.719591,0.00804556,2032
1.0,10,16,0.9765095918672099,0.411419,0.000443657,8.0197e-05,0.718121,0.0080434,2032
1.0,10,32,1.1420974006078486,0.407786,0.000514494,8.1575e-05,0.718012,0.00806382,2032
1.0,10,64,0.0,0.286766,0.000517549,7.7182e-05,0.718198,0.0080829,2032
1.0,10,128,0.0,0.284979,0.000506279,7.1917e-05,0.718081,0.00806745,2032
1.0,11,2,0.9994835752667138,0.813489,0.000486952,0.000160497,1.44689,0.00806241,2032
1.0,11,4,1.000878317241835,0.815041,0.000498053,0.000166595,1.35912,0.00714357,2032
1.0,11,8,0.9955310761799436,0.812324,0.000512634,0.000161236,1.31306,0.00646845,2032
1.0,11,16,0.9765095918672099,0.631817,0.000387979,0.000122399,1.112,0.00613887,2032
1.0,11,32,0.9453719411749968,0.811615,0.000512172,0.000163257,1.43317,0.00714975,2032
1.0,11,64,1.1198896871153945,0.639365,0.000386043,0.000124309,1.10497,0.00616361,2032
1.0,11,128,0.0,0.555954,0.000513041,0.000151602,1.40188,0.00714034,2032
1.0,12,2,0.9994835752667138,1.62645,0.000388652,0.000302198,2.91256,0.00809362,2032
1.0,12,4,1.000878317241835,1.2436,0.000375522,0.00024103,2.22712,0.00615697,2032
1.0,12,8,1.0040144441663743,1.6159,0.000392482,0.000322394,2.23932,0.00620114,2032
1.0,12,16,1.0048881520194195,1.24601,0.000393226,0.000235382,2.21677,0.00615404,2032
1.0,12,32,1.0477538714346186,1.61007,0.000513223,0.000320538,2.28108,0.00617014,2032
1.0,12,64,1.1198896871153945,1.23176,0.000391321,0.000248036,2.21612,0.00615392,2032
1.0,12,128,0.0,0.847094,0.000390293,0.00023688,2.21236,0.006191,2032
2.0,6,2,1.9459101490553132,0.0426165,0.000369253,6.455e-06,0.0359813,0.00616577,2032
2.0,6,4,2.03688192726104,0.0409841,0.000410701,6.149e-06,0.0362668,0.0061394,2032
2.0,6,8,2.1972245773362196,0.0376259,0.000336648,5.475e-06,0.0362288,0.00631679,2032
2.0,6,16,1.8458266904983307,0.0393035,0.000511366,7.166e-06,0.047013,0.00805963,2032
2.0,6,32,0.0,0.0351766,0.000479654,4.465e-06,0.0374618,0.00616073,2032
2.0,6,64,0.0,0.0358148,0.00047199,2.066e-06,0.0375056,0.0061908,2032
2.0,7,2,2.0193376176101303,0.0618319,0.000374807,9.325e-06,0.0696613,0.00614729,2032
2.0,7,4,2.03688192726104,0.0658889,0.00044112,1.228e-05,0.0911841,0.00803011,2032
2.0,7,8,1.9771626925594177,0.0583776,0.000391072,9.187e-06,0.0698186,0.00616693,2032
2.0,7,16,1.8458266904983307,0.0565501,0.000393407,9.582e-06,0.0696456,0.00614111,2032
2.0,7,32,2.456735772821304,0.0642187,0.000512672,1.2173e-05,0.0912061,0.00804315,2032
2.0,7,64,0.0,0.0475918,0.000391751,5.695e-06,0.0696888,0.00616568,2032
2.0,7,128,0.0,0.0505868,0.000509925,2.424e-06,0.0911904,0.00802354,2032
2.0,8,2,1.9821131977192739,0.100458,0.000291489,1.6659e-05,0.137669,0.00615267,2032
2.0,8,4,1.979621206397625,0.11588,0.000484907,2.225e-05,0.179934,0.00806606,2032
2.0,8,8,1.9771626925594177,0.0966456,0.000338692,1.7079e-05,0.137628,0.00614535,2032
2.0,8,16,2.1129642337184795,0.114603,0.000511206,2.2112e-05,0.179917,0.00807439,2032
2.0,8,32,1.717651497074333,0.0945618,0.000384748,1.6685e-05,0.137537,0.00616775,2032
2.0,8,64,0.0,0.0838764,0.000503046,1.7258e-05,0.180063,0.0080788,2032
2.0,8,128,0.0,0.0743124,0.000386319,9.54e-06,0.137947,0.00615372,2032
2.0,9,2,2.0005934753293673,0.216902,0.000494923,4.1587e-05,0.35871,0.00805045,2032
2.0,9,4,2.008077055471865,0.175648,0.000339032,3.2215e-05,0.274249,0.00616429,2032
2.0,9,8,1.9771626925594177,0.171949,0.000392417,3.1741e-05,0.274997,0.00618814,2032
2.0,9,16,1.9824995964876055,0.210851,0.000509382,4.1994e-05,0.358702,0.00804993,2032
2.0,9,32,2.126398524767607,0.173242,0.000372932,3.2541e-05,0.274332,0.00617097,2032
2.0,9,64,2.316769727986002,0.209662,0.000449016,4.2692e-05,0.358893,0.00808709,2032
2.0,9,128,0.0,0.124067,0.000391298,2.4585e-05,0.274642,0.00615611,2032
2.0,10,2,2.0005934753293673,0.414946,0.000388586,8.159e-05,0.717802,0.00805095,2032
2.0,10,4,1.9938066273989294,0.325864,0.000336505,6.2501e-05,0.549208,0.00615366,2032
2.0,10,8,2.004520671500047,0.415344,0.000489384,8.1463e-05,0.717876,0.00804975,2032
2.0,10,16,1.9824995964876055,0.41081,0.000510941,8.205e-05,0.717827,0.00806055,2032
2.0,10,32,1.9352717508502575,0.324022,0.000392767,6.3741e-05,0.549607,0.0061703,2032
2.0,10,64,1.6613976513648114,0.407997,0.000518313,8.1825e-05,0.718238,0.00807956,2032
2.0,10,128,0.0,0.226603,0.000392716,5.462e-05,0.548883,0.0061498,2032
2.0,11,2,2.0005934753293673,0.81604,0.000387526,0.000160078,1.28824,0.00647117,2032
2.0,11,4,2.000931077457216,0.631093,0.000342008,0.000124249,1.10233,0.0061863,2032
2.0,11,8,2.004520671500047,0.632302,0.000390107,0.000123292,1.39026,0.00801654,2032
2.0,11,16,2.01563535305394,0.811791,0.000517365,0.000161305,1.41276,0.00712967,2032
2.0,11,32,2.0335951535544172,0.811197,0.000518273,0.000162423,1.29729,0.00645544,2032
2.0,11,64,2.0308668715312788,0.626961,0.000389824,0.00011915,1.10086,0.00616132,2032
2.0,11,128,2.2547944291576973,0.622181,0.000406389,0.000124116,1.10523,0.00619969,2032
2.0,12,2,2.0005934753293673,1.24363,0.000297503,0.000247587,2.21185,0.00616161,2032
2.0,12,4,2.000931077457216,1.24461,0.000294542,0.000248976,2.22724,0.00618533,2032
2.0,12,8,1.99767952057635,1.23974,0.00039561,0.000243976,2.21213,0.0061645,2032
2.0,12,16,1.999114185118778,1.24248,0.000380372,0.000244809,2.21249,0.00615091,2032
2.0,12,32,1.985182211408842,1.61012,0.000514737,0.0003234,2.26897,0.00621448,2032
2.0,12,64,2.0308668715312788,1.59801,0.000507529,0.000316933,2.23861,0.00620441,2032
2.0,12,128,2.2547944291576973,1.5808,0.000511304,0.000313682,2.379,0.0061876,2032
4.0,6,2,4.143134726391533,0.0422515,0.000488008,7.102e-06,0.0465954,0.00796475,2032
4.0,6,4,4.110873864173311,0.0427949,0.000436362,7.062e-06,0.0467981,0.00790659,2032
4.0,6,8,4.04305126783455,0.0429994,0.000506533,6.932e-06,0.0466457,0.00793677,2032
4.0,6,16,3.8918202981106265,0.039507,0.000510042,7.148e-06,0.046736,0.00807557,2032
4.0,6,32,3.4965075614664802,0.0380763,0.000544552,7.33e-06,0.0468246,0.00805685,2032
4.0,6,64,0.0,0.034456,0.00053176,2.304e-06,0.0471955,0.00809952,2032
4.0,7,2,4.143134726391533,0.0672909,0.000487807,1.1947e-05,0.0910929,0.00805819,2032
4.0,7,4,4.110873864173311,0.0660357,0.00038763,1.1294e-05,0.091088,0.00803563,2032
4.0,7,8,4.04305126783455,0.065192,0.000388761,1.1586e-05,0.090998,0.00803059,2032
4.0,7,16,3.8918202981106265,0.063162,0.000488738,1.2309e-05,0.0911535,0.00805355,2032
4.0,7,32,4.574710978503383,0.0635365,0.000508273,1.2244e-05,0.0913698,0.00805057,2032
4.0,7,64,4.174387269895637,0.0602368,0.000508463,1.2575e-05,0.0911643,0.00804589,2032
4.0,7,128,0.0,0.0520008,0.000505285,2.463e-06,0.0912876,0.00803015,2032
4.0,8,2,3.9160150266976834,0.117611,0.00048606,2.2201e-05,0.183605,0.00802387,2032
4.0,8,4,4.110873864173311,0.11723,0.000488482,2.2275e-05,0.180069,0.00804054,2032
4.0,8,8,4.04305126783455,0.1126,0.000495378,2.2354e-05,0.180241,0.0080468,2032
4.0,8,16,3.8918202981106265,0.110764,0.000441813,2.1947e-05,0.179737,0.00808145,2032
4.0,8,32,3.9951379121386528,0.112203,0.000506689,2.1245e-05,0.179874,0.00809482,2032
4.0,8,64,4.174387269895637,0.100137,0.000518721,2.1252e-05,0.179935,0.00804534,2032
4.0,8,128,4.859812404361672,0.0998272,0.000509351,2.2775e-05,0.179883,0.0080387,2032
4.0,9,2,4.02336559276352,0.217152,0.000391714,4.2345e-05,0.359082,0.00806429,2032
4.0,9,4,3.9869243136012638,0.214504,0.000387518,3.9921e-05,0.358654,0.0080409,2032
4.0,9,8,4.04305126783455,0.208477,0.000512945,4.1613e-05,0.358527,0.0080664,2032
4.0,9,16,4.062903036387282,0.214445,0.000510141,4.217e-05,0.359023,0.0080423,2032
4.0,9,32,3.9951379121386528,0.20863,0.000516564,4.2455e-05,0.358696,0.0080917,2032
4.0,9,64,4.174387269895637,0.183713,0.000442092,4.2032e-05,0.35847,0.00805479,2032
4.0,9,128,3.7765850345330416,0.20021,0.000507791,4.17e-05,0.358507,0.00804868,2032
4.0,10,2,4.02336559276352,0.414586,0.000385902,8.1451e-05,0.722026,0.00804853,2032
4.0,10,4,3.9869243136012638,0.413621,0.000492755,8.216e-05,0.718033,0.00804133,2032
4.0,10,8,3.97472159964371,0.415237,0.000386482,8.0267e-05,0.719425,0.00803936,2032
4.0,10,16,3.9753107446640645,0.413008,0.000506215,8.1971e-05,0.717753,0.00809082,2032
4.0,10,32,3.9951379121386528,0.399813,0.000486097,8.1758e-05,0.718424,0.00803781,2032
4.0,10,64,3.9274588135579855,0.408096,0.000508642,8.1609e-05,0.718283,0.00807096,2032
4.0,10,128,3.7765850345330416,0.382807,0.000515975,8.0628e-05,0.718199,0.00803906,2032
4.0,11,2,3.995469477128428,0.814863,0.000390776,0.000160985,1.36584,0.00711808,2032
4.0,11,4,3.9869243136012638,0.812478,0.000487841,0.000158729,1.33378,0.00710556,2032
4.0,11,8,4.008434506929691,0.811475,0.000521603,0.000163274,1.44024,0.00807135,2032
4.0,11,16,4.0185552481387345,0.632414,0.000393607,0.000123018,1.10403,0.00622577,2032
4.0,11,32,3.9951379121386528,0.785152,0.000510566,0.000161473,1.31005,0.00645812,2032
4.0,11,64,4.051273307986567,0.62507,0.000394692,0.000123998,1.10507,0.00616946,2032
4.0,11,128,4.080614369410199,0.626573,0.000392356,0.000123484,1.10172,0.00617701,2032
4.0,12,2,3.995469477128428,1.25274,0.00037663,0.000251809,2.21499,0.00615571,2032
4.0,12,4,4.001683452690352,1.2572,0.000294044,0.000247135,2.21109,0.00615409,2032
4.0,12,8,4.008434506929691,1.25689,0.000292264,0.000245941,2.21563,0.00614217,2032
4.0,12,16,3.9968002501837945,1.24316,0.000399964,0.000244497,2.21214,0.00615647,2032
4.0,12,32,3.9951379121386528,1.19841,0.000390895,0.000249688,2.23461,0.00618387,2032
4.0,12,64,3.9895130071690437,1.23674,0.000393945,0.000245343,2.22013,0.00617744,2032
4.0,12,128,3.9335292106491098,1.59639,0.000512007,0.000315835,2.63021,0.00647343,2032
8.0,11,2,7.624130585661289,0.81295,0.00049438,0.000161219,1.38612,0.00713769,2032
8.0,11,4,7.623153068476902,0.814081,0.000445033,0.000156466,1.33017,0.00714793,2032
8.0,11,8,7.621195162809845,0.635728,0.000393381,0.00011849,1.11247,0.00614681,2032
8.0,11,16,7.617267813628347,0.814425,0.000508795,0.000152852,1.30065,0.00646467,2032
8.0,11,32,7.6093665379542115,0.630535,0.000301371,0.000122,1.11738,0.006302,2032
8.0,11,64,7.59337419312129,0.627522,0.0003921,0.000124795,1.10087,0.00616308,2032
8.0,11,128,7.560601162768557,0.618841,0.000394118,0.000119915,1.10106,0.00616021,2032
8.0,12,2,8.31752199628717,1.24462,0.000297499,0.000238048,2.21124,0.00617208,2032
8.0,12,4,8.317033476492403,1.24291,0.000344414,0.000250414,2.23033,0.00618084,2032
8.0,12,8,8.316055720364643,1.25581,0.000391404,0.000243924,2.21178,0.00616529,2032
8.0,12,16,8.314097335405807,1.24507,0.000395067,0.000249575,2.21243,0.0061791,2032
8.0,12,32,8.310169021981912,1.24912,0.000398795,0.000246111,2.21292,0.0061776,2032
8.0,12,64,8.302265794873367,1.2385,0.000393349,0.000241817,2.21135,0.00620968,2032
8.0,12,128,8.286269452783065,1.23084,0.000393493,0.000249311,2.2135,0.00617896,2032
0.125,6,2,0.125163142954006,0.040471,0.000371423,5.601e-06,0.035874,0.00615478,2032
0.125,6,4,0.23638877806423034,0.0418003,0.00044383,7.401e-06,0.0468954,0.00806552,2032
0.125,6,8,0.0,0.0338667,0.000433059,7.789e-06,0.0367493,0.00622458,2032
0.125,6,16,0.0,0.0360209,0.000383812,6.243e-06,0.0470909,0.00805681,2032
0.125,6,32,0.0,0.0343106,0.000395181,5.284e-06,0.0472229,0.00804181,2032
0.125,6,64,0.0,0.0343672,0.000399721,2.574e-06,0.0374683,0.0061922,2032
0.125,7,2,0.125163142954006,0.0592894,0.000297697,8.846e-06,0.06952,0.00616108,2032
0.125,7,4,0.12136085700426753,0.0673103,0.000387581,1.1174e-05,0.0912124,0.00809374,2032
0.125,7,8,0.0,0.0531597,0.000492394,1.1777e-05,0.0910168,0.00803964,2032
0.125,7,16,0.0,0.0509589,0.000379194,8.365e-06,0.0696123,0.00615732,2032
0.125,7,32,0.0,0.0518286,0.000386252,9.37e-06,0.0912408,0.00803112,2032
0.125,7,64,0.0,0.0500157,0.000384599,6.799e-06,0.0912387,0.0080376,2032
0.125,7,128,0.0,0.05132,0.000489109,2.303e-06,0.0911875,0.00802979,2032
0.125,8,2,0.125163142954006,0.11733,0.000380982,2.1603e-05,0.181606,0.00808112,2032
0.125,8,4,0.12136085700426753,0.097625,0.000374854,1.6896e-05,0.137936,0.00619675,2032
0.125,8,8,0.22957444164450017,0.115536,0.000509057,2.2065e-05,0.180102,0.00804547,2032
0.125,8,16,0.0,0.086279,0.000510078,2.1141e-05,0.180342,0.00811338,2032
0.125,8,32,0.0,0.0861599,0.000515355,1.9906e-05,0.180207,0.00803828,2032
0.125,8,64,0.0,0.0751186,0.00039237,1.3219e-05,0.137818,0.00613321,2032
0.125,8,128,0.0,0.0832314,0.000512333,1.2338e-05,0.180188,0.00802943,2032
0.125,9,2,0.125163142954006,0.174995,0.000292959,3.1234e-05,0.274489,0.00614867,2032
0.125,9,4,0.12136085700426753,0.213854,0.000385872,4.1145e-05,0.358636,0.00802188,2032
0.125,9,8,0.11954515064978273,0.172681,0.000292648,3.1241e-05,0.274496,0.00614458,2032
0.125,9,16,0.0,0.155853,0.000441533,4.1092e-05,0.358523,0.00803641,2032
0.125,9,32,0.0,0.153757,0.000512348,3.9443e-05,0.35885,0.00804789,2032
0.125,9,64,0.0,0.150739,0.000509258,3.6986e-05,0.358681,0.00802898,2032
0.125,9,128,0.0,0.152627,0.000444077,3.2501e-05,0.359358,0.00804341,2032
0.125,10,2,0.125163142954006,0.41219,0.000386713,8.0861e-05,0.717943,0.00803883,2032
0.125,10,4,0.12136085700426753,0.413761,0.000387287,7.8696e-05,0.717791,0.00807169,2032
0.125,10,8,0.11954515064978273,0.412793,0.000516055,8.0789e-05,0.718441,0.00805645,2032
0.125,10,16,0.22631312607548879,0.413082,0.000505452,8.1933e-05,0.718092,0.00807572,2032
0.125,10,32,0.0,0.289215,0.000440849,7.9645e-05,0.718018,0.00807033,2032
0.125,10,64,0.0,0.287304,0.000510524,7.5414e-05,0.717991,0.00805309,2032
0.125,10,128,0.0,0.284647,0.000504507,7.1348e-05,0.718051,0.00805473,2032
0.125,11,2,0.125163142954006,0.804655,0.00039074,0.000159161,1.37505,0.00710648,2032
0.125,11,4,0.12136085700426753,0.62908,0.000395566,0.000124502,1.10171,0.00617323,2032
0.125,11,8,0.11954515064978273,0.81109,0.000443448,0.000161085,1.33259,0.007139,2032
0.125,11,16,0.118657543801316,0.629617,0.000393804,0.00011982,1.1024,0.00615776,2032
0.125,11,32,0.0,0.563231,0.000513939,0.000156521,1.4416,0.00805719,2032
0.125,11,64,0.0,0.435878,0.000393867,0.000122845,1.10127,0.00616903,2032
0.125,11,128,0.0,0.554069,0.000515983,0.000152518,1.35477,0.00715583,2032
0.125,12,2,0.125163142954006,1.59447,0.000488297,0.00031877,2.4255,0.00622164,2032
0.125,12,4,0.12504442040845523,1.24118,0.000338971,0.000247884,2.22455,0.00618759,2032
0.125,12,8,0.11954515064978273,1.23819,0.000378799,0.000247791,2.21249,0.00616764,2032
0.125,12,16,0.118657543801316,1.24098,0.00039291,0.000240789,2.21683,0.00623488,2032
0.125,12,32,0.22471711576164025,1.23905,0.000396253,0.000243492,2.21169,0.00615955,2032
0.125,12,64,0.0,0.849825,0.000392752,0.000237668,2.21166,0.00616575,2032
0.125,12,128,0.0,0.846307,0.000394689,0.000238872,2.21288,0.00617767,2032
0.25,6,2,0.25131442828090617,0.0404522,0.000373433,5.561e-06,0.03582,0.00612895,2032
0.25,6,4,0.23638877806423034,0.0405785,0.000379274,5.433e-06,0.0359445,0.00615974,2032
0.25,6,8,0.0,0.036004,0.000533257,7.023e-06,0.0372532,0.00621616,2032
0.25,6,16,0.0,0.0338855,0.000557678,6.508e-06,0.0372112,0.00620853,2032
0.25,6,32,0.0,0.0341744,0.000561281,5.644e-06,0.0373648,0.00620651,2032
0.25,6,64,0.0,0.0345779,0.000508217,2.419e-06,0.0470864,0.00808884,2032
0.25,7,2,0.25131442828090617,0.06536,0.000386682,1.1688e-05,0.0910128,0.00804281,2032
0.25,7,4,0.23638877806423034,0.0612921,0.000377797,9.282e-06,0.0697047,0.00616634,2032
0.25,7,8,0.42744401482693967,0.0673768,0.000446644,1.2033e-05,0.0912681,0.00818457,2032
0.25,7,16,0.0,0.049578,0.000394353,8.477e-06,0.069762,0.00615542,2032
0.25,7,32,0.0,0.0523269,0.000503986,9.89e-06,0.0914574,0.00805494,2032
0.25,7,64,0.0,0.0476012,0.000394049,5.783e-06,0.0697692,0.00612427,2032
0.25,7,128,0.0,0.0505988,0.000511888,2.434e-06,0.091214,0.00804578,2032
0.25,8,2,0.25131442828090617,0.096255,0.000292604,1.6643e-05,0.137591,0.00616858,2032
0.25,8,4,0.23638877806423034,0.0975011,0.000370048,1.6942e-05,0.137946,0.00616135,2032
0.25,8,8,0.22957444164450017,0.0983648,0.000392318,1.6878e-05,0.137755,0.0061667,2032
0.25,8,16,0.0,0.0859266,0.000508118,2.0693e-05,0.180149,0.00803604,2032
0.25,8,32,0.0,0.0736861,0.000393725,1.5133e-05,0.1377,0.00618148,2032
0.25,8,64,0.0,0.0754489,0.000386049,1.299e-05,0.137735,0.00615609,2032
0.25,8,128,0.0,0.0844305,0.00050711,1.2408e-05,0.180072,0.00806673,2032
0.25,9,2,0.25131442828090617,0.171843,0.000373927,3.4705e-05,0.273994,0.00614996,2032
0.25,9,4,0.23638877806423034,0.215096,0.000440269,4.2453e-05,0.359174,0.0080431,2032
0.25,9,8,0.22957444164450017,0.172295,0.000375726,3.2307e-05,0.274344,0.00618685,2032
0.25,9,16,0.4161603972249123,0.215177,0.00044838,4.2156e-05,0.358979,0.00800893,2032
0.25,9,32,0.0,0.153959,0.000507895,3.9612e-05,0.35879,0.00803943,2032
0.25,9,64,0.0,0.151365,0.000510307,3.6599e-05,0.358653,0.00805039,2032
0.25,9,128,0.0,0.153614,0.000514817,3.1863e-05,0.358783,0.00805444,2032
0.25,10,2,0.25131442828090617,0.409552,0.000396981,8.4621e-05,0.718301,0.00803612,2032
0.25,10,4,0.25038419565568654,0.41517,0.000495012,8.276e-05,0.718294,0.0081163,2032
0.25,10,8,0.22957444164450017,0.411295,0.000492873,8.0555e-05,0.720164,0.00957792,2032
0.25,10,16,0.22631312607548879,0.412186,0.000510082,8.123e-05,0.718009,0.00806313,2032
0.25,10,32,0.0,0.287778,0.000512378,7.9027e-05,0.71773,0.00804218,2032
0.25,10,64,0.0,0.287709,0.000439991,7.7222e-05,0.718147,0.00802354,2032
0.25,10,128,0.0,0.285702,0.000513939,7.1926e-05,0.718037,0.00809126,2032
0.25,11,2,0.2493305466630865,0.893175,0.000383034,0.000160517,1.4497,0.00805601,2032
0.25,11,4,0.25038419565568654,0.813012,0.000394744,0.000160647,1.3567,0.00712186,2032
0.25,11,8,0.2558027661568674,0.819795,0.000387884,0.000160655,1.40813,0.00715179,2032
0.25,11,16,0.22631312607548879,0.629924,0.000389259,0.000121483,1.10163,0.00618819,2032
0.25,11,32,0.41074216520900814,0.643522,0.000390452,0.00012399,1.1018,0.00616261,2032
0.25,11,64,0.0,0.437837,0.000390093,0.000121159,1.10215,0.00613546,2032
0.25,11,128,0.0,0.433853,0.000392152,0.000116055,1.1021,0.00616392,2032
0.25,12,2,0.25032242621555223,1.24292,0.000377599,0.0002452,2.21473,0.00617991,2032
0.25,12,4,0.25038419565568654,1.6092,0.000385085,0.000320787,2.39019,0.00620257,2032
0.25,12,8,0.2558027661568674,1.24435,0.000340609,0.000243646,2.22858,0.00617536,2032
0.25,12,16,0.22631312607548879,1.24054,0.000394373,0.000247525,2.21263,0.00614238,2032
0.25,12,32,0.22471711576164025,1.23857,0.000391241,0.000244034,2.21684,0.00616992,2032
0.25,12,64,0.0,0.847994,0.000391494,0.000239589,2.21169,0.00617541,2032
0.25,12,128,0.0,0.851676,0.000390047,0.00023708,2.21831,0.00616701,2032
0.5,6,2,0.5108256237659907,0.0404136,0.000299154,5.135e-06,0.0358433,0.00614654,2032
0.5,6,4,0.4519851237430572,0.0401856,0.000370885,5.622e-06,0.0358217,0.00614123,2032
0.5,6,8,0.7621400520468967,0.0414149,0.000342157,5.539e-06,0.0360874,0.00615802,2032
0.5,6,16,0.0,0.0349306,0.000529865,6.154e-06,0.0371306,0.00621549,2032
0.5,6,32,0.0,0.0330419,0.000546121,5.292e-06,0.0369484,0.00618615,2032
0.5,6,64,0.0,0.0354032,0.000514232,2.145e-06,0.0375279,0.00618939,2032
0.5,7,2,0.5108256237659907,0.0592903,0.00037045,9.319e-06,0.0695363,0.00612835,2032
0.5,7,4,0.4519851237430572,0.0601547,0.000294091,8.96e-06,0.0697674,0.00616489,2032
0.5,7,8,0.42744401482693967,0.0588178,0.000377967,9.236e-06,0.0697345,0.00616194,2032
0.5,7,16,0.0,0.0495728,0.000338497,8.456e-06,0.0697137,0.00617208,2032
0.5,7,32,0.0,0.0491035,0.000392711,7.647e-06,0.0699286,0.00614563,2032
0.5,7,64,0.0,0.048155,0.000390735,5.867e-06,0.0698125,0.00614932,2032
0.5,7,128,0.0,0.0485537,0.000391957,1.842e-06,0.0698626,0.00615692,2032
0.5,8,2,0.49419322371684865,0.117011,0.000484334,2.2013e-05,0.180001,0.00804311,2032
0.5,8,4,0.5035263212843791,0.0996774,0.000337537,1.6778e-05,0.138153,0.00617619,2032
0.5,8,8,0.42744401482693967,0.096771,0.000297276,1.6369e-05,0.138191,0.00618585,2032
0.5,8,16,0.7259370033829363,0.0976808,0.000376259,1.7226e-05,0.137756,0.0061474,2032
0.5,8,32,0.0,0.0746637,0.000381506,1.5218e-05,0.137938,0.0061463,2032
0.5,8,64,0.0,0.0737755,0.00037904,1.3305e-05,0.137794,0.00617009,2032
0.5,8,128,0.0,0.07394,0.000338411,9.343e-06,0.137729,0.00616478,2032
0.5,9,2,0.5025009138799591,0.216197,0.000380769,4.1869e-05,0.358649,0.00804381,2032
0.5,9,4,0.5035263212843791,0.173956,0.000299447,3.1905e-05,0.274187,0.00615129,2032
0.5,9,8,0.5175824062288704,0.216593,0.000509711,4.0481e-05,0.358525,0.00804782,2032
0.5,9,16,0.4161603972249123,0.175589,0.000389162,3.194e-05,0.27403,0.00617034,2032
0.5,9,32,0.0,0.153074,0.000502871,3.9156e-05,0.35948,0.00803209,2032
0.5,9,64,0.0,0.124108,0.000389544,2.8414e-05,0.274704,0.0061476,2032
0.5,9,128,0.0,0.151136,0.000510521,3.1551e-05,0.358792,0.00805617,2032
0.5,10,2,0.4983449625423815,0.327003,0.000295285,6.3117e-05,0.549437,0.00619235,2032
0.5,10,4,0.5035263212843791,0.414706,0.000490302,8.0969e-05,0.718588,0.00809086,2032
0.5,10,8,0.5175824062288704,0.414382,0.000516902,8.2693e-05,0.718798,0.00804896,2032
0.5,10,16,0.4161603972249123,0.41088,0.000518128,8.2188e-05,0.720165,0.00808286,2032
0.5,10,32,0.7091475219063864,0.411581,0.000506491,8.4081e-05,0.718066,0.00807894,2032
0.5,10,64,0.0,0.285739,0.000506878,7.6861e-05,0.718188,0.00808557,2032
0.5,10,128,0.0,0.285921,0.000511536,7.1356e-05,0.723813,0.00808338,2032
0.5,11,2,0.5004224090051046,0.813716,0.00049046,0.000160572,1.32549,0.00712444,2032
0.5,11,4,0.49712677940782873,0.815106,0.00049093,0.000159185,1.28226,0.00662438,2032
0.5,11,8,0.49551920248331505,0.815886,0.000445456,0.000163448,1.44243,0.00809455,2032
0.5,11,16,0.5010216236693699,0.630728,0.000394091,0.000123906,1.1018,0.00616468,2032
0.5,11,32,0.41074216520900814,0.813245,0.000509468,0.000160505,1.30849,0.00648109,2032
0.5,11,64,0.0,0.434587,0.000393364,0.000121559,1.11578,0.00612864,2032
0.5,11,128,0.0,0.436361,0.00039146,0.000116515,1.10601,0.00615475,2032
0.5,12,2,0.5004224090051046,1.61174,0.000379462,0.000236349,2.2131,0.00617768,2032
0.5,12,4,0.5003280376341035,1.24054,0.000378585,0.000243041,2.21178,0.00617343,2032
0.5,12,8,0.49551920248331505,1.61086,0.00038943,0.000319767,2.25364,0.00637814,2032
0.5,12,16,0.5010216236693699,1.23965,0.000340073,0.000244601,2.21143,0.00617549,2032
0.5,12,32,0.5698489642154517,1.24334,0.000396413,0.000247281,2.21182,0.00614309,2032
0.5,12,64,0.7010523600670585,1.61384,0.000513839,0.000323446,2.32677,0.00619639,2032
0.5,12,128,0.0,1.09532,0.00051013,0.000316323,2.44983,0.00625308,2032
1.0,6,2,1.0169342576538425,0.043699,0.00036968,6.394e-06,0.0360419,0.00617062,2032
1.0,6,4,1.0360919316867758,0.0424343,0.00038266,6.559e-06,0.047057,0.00807725,2032
1.0,6,8,0.7621400520468967,0.0423491,0.000293875,5.081e-06,0.0359499,0.00616208,2032
1.0,6,16,0.0,0.0345679,0.000509032,6.631e-06,0.0472784,0.00803412,2032
1.0,6,32,0.0,0.0347926,0.00045668,5.017e-06,0.0372841,0.00619487,2032
1.0,6,64,0.0,0.033346,0.000416665,2.68e-06,0.04743,0.00802302,2032
1.0,7,2,1.0169342576538425,0.0658968,0.000363613,1.1624e-05,0.0910225,0.00805009,2032
1.0,7,4,1.0360919316867758,0.0611054,0.000351784,9.21e-06,0.0697431,0.00616473,2032
1.0,7,8,1.0459685551826878,0.0655775,0.000422214,1.2262e-05,0.0912298,0.00802104,2032
1.0,7,16,1.1895840668738364,0.0597014,0.000393847,9.268e-06,0.0697339,0.00615125,2032
1.0,7,32,0.0,0.0499467,0.000394695,7.794e-06,0.0698774,0.00618443,2032
1.0,7,64,0.0,0.0523857,0.000512956,7.34e-06,0.0912905,0.00799395,2032
1.0,7,128,0.0,0.0506026,0.000387997,1.859e-06,0.0700849,0.0061367,2032
1.0,8,2,0.9970021122573273,0.0984872,0.000292161,1.66e-05,0.137995,0.00618684,2032
1.0,8,4,0.9891280558264214,0.116357,0.000493402,2.2021e-05,0.180446,0.00806084,2032
1.0,8,8,1.0459685551826878,0.0992631,0.000376388,1.6952e-05,0.138075,0.00617312,2032
1.0,8,16,1.1895840668738364,0.112906,0.000506539,2.2234e-05,0.180203,0.00804917,2032
1.0,8,32,0.0,0.0874772,0.000506345,1.9771e-05,0.180105,0.00805176,2032
1.0,8,64,0.0,0.0845349,0.000507554,1.7277e-05,0.180143,0.00803297,2032
1.0,8,128,0.0,0.0750106,0.000387622,9.416e-06,0.137747,0.00615692,2032
1.0,9,2,0.9970021122573273,0.21529,0.000382864,4.124e-05,0.359087,0.0080465,2032
1.0,9,4,0.9891280558264214,0.175188,0.000336405,3.2436e-05,0.274141,0.00619155,2032
1.0,9,8,0.9784679768260465,0.216048,0.000518289,4.2026e-05,0.358878,0.00802328,2032
1.0,9,16,0.9765095918672099,0.172149,0.000392927,3.2191e-05,0.274204,0.00615777,2032
1.0,9,32,1.1420974006078486,0.212775,0.000499675,4.245e-05,0.358956,0.00807825,2032
1.0,9,64,0.0,0.12445,0.000389133,2.8191e-05,0.275145,0.00614495,2032
1.0,9,128,0.0,0.152166,0.000511075,3.2432e-05,0.359408,0.00802447,2032
1.0,10,2,1.0019678858506482,0.328101,0.000371014,6.2548e-05,0.548758,0.00617393,2032
1.0,10,4,1.000878317241835,0.41528,0.000380138,7.9558e-05,0.718367,0.0080072,2032
1.0,10,8,1.0124663379549088,0.327033,0.000393968,6.2976e-05,0.549052,0.00614011,2032
1.0,10,16,0.9765095918672099,0.411199,0.000514478,8.2302e-05,0.71875,0.00809312,2032
1.0,10,32,1.1420974006078486,0.378604,0.000507615,8.1306e-05,0.717772,0.00806021,2032
1.0,10,64,0.0,0.285673,0.000502644,7.4835e-05,0.718011,0.0080696,2032
1.0,10,128,0.0,0.284863,0.000515019,7.1685e-05,0.71757,0.00804083,2032
1.0,11,2,0.9994835752667138,0.813045,0.000488929,0.000163085,1.35753,0.00712799,2032
1.0,11,4,1.000878317241835,0.815653,0.000494364,0.000161945,1.31351,0.0064801,2032
1.0,11,8,0.9955310761799436,0.632262,0.000370814,0.000123876,1.10728,0.00617776,2032
1.0,11,16,0.9765095918672099,0.627138,0.00039784,0.000126111,1.1021,0.00614984,2032
1.0,11,32,0.9453719411749968,0.629711,0.000386601,0.00012372,1.10168,0.0061935,2032
1.0,11,64,1.1198896871153945,0.627508,0.000393271,0.000123763,1.10559,0.00615737,2032
1.0,11,128,0.0,0.431993,0.000394329,0.000116315,1.10142,0.00617536,2032
1.0,12,2,0.9994835752667138,1.24116,0.000298232,0.000243416,2.21525,0.00617567,2032
1.0,12,4,1.000878317241835,1.24274,0.000382672,0.000246264,2.21139,0.00615982,2032
1.0,12,8,1.0040144441663743,1.2417,0.000390846,0.000248495,2.21153,0.00617428,2032
1.0,12,16,1.0048881520194195,1.23968,0.000340617,0.000242755,2.22647,0.00617297,2032
1.0,12,32,1.0477538714346186,1.24302,0.00039253,0.000249662,2.21619,0.00615343,2032
1.0,12,64,1.1198896871153945,1.59499,0.000516035,0.000321899,2.26602,0.00620704,2032
1.0,12,128,0.0,0.846094,0.000395496,0.000235157,2.21224,0.00617782,2032
2.0,6,2,1.9459101490553132,0.0425437,0.000382889,6.627e-06,0.0470131,0.00801093,2032
2.0,6,4,2.03688192726104,0.043255,0.000383959,6.534e-06,0.0467883,0.00805514,2032
2.0,6,8,2.1972245773362196,0.0401147,0.000413313,6.61e-06,0.0501323,0.00828914,2032
2.0,6,16,1.8458266904983307,0.0415302,0.000488537,7.237e-06,0.0469786,0.00805951,2032
2.0,6,32,0.0,0.0329122,0.000490191,5.595e-06,0.0472218,0.00808723,2032
2.0,6,64,0.0,0.0352237,0.000510532,2.424e-06,0.0470057,0.00805448,2032
2.0,7,2,2.0193376176101303,0.0678397,0.000487439,1.2139e-05,0.0911217,0.00806015,2032
2.0,7,4,2.03688192726104,0.0668302,0.000489481,1.2334e-05,0.0910537,0.00804002,2032
2.0,7,8,1.9771626925594177,0.0665445,0.000505732,1.2254e-05,0.0912538,0.00805808,2032
2.0,7,16,1.8458266904983307,0.0647617,0.000513397,1.2407e-05,0.0911799,0.00804774,2032
2.0,7,32,2.456735772821304,0.0635863,0.000520287,1.2069e-05,0.0909995,0.00803329,2032
2.0,7,64,0.0,0.0499741,0.00051159,7.456e-06,0.0912492,0.0080633,2032
2.0,7,128,0.0,0.0502507,0.000509214,2.277e-06,0.0911778,0.00804953,2032
2.0,8,2,1.9821131977192739,0.115611,0.000378903,2.1728e-05,0.180029,0.00803852,2032
2.0,8,4,1.979621206397625,0.116632,0.000381619,2.1204e-05,0.180028,0.00807811,2032
2.0,8,8,1.9771626925594177,0.116621,0.000383013,2.1702e-05,0.180186,0.00805117,2032
2.0,8,16,2.1129642337184795,0.115464,0.000482775,2.1921e-05,0.180247,0.00803046,2032
2.0,8,32,1.717651497074333,0.113795,0.000436906,2.209e-05,0.180151,0.00806722,2032
2.0,8,64,0.0,0.0845122,0.000518042,1.7298e-05,0.179997,0.00808395,2032
2.0,8,128,0.0,0.0850608,0.000515094,1.2531e-05,0.180543,0.00804091,2032
2.0,9,2,2.0005934753293673,0.21666,0.000383281,4.1309e-05,0.358227,0.00807161,2032
2.0,9,4,2.008077055471865,0.217068,0.000379788,4.1588e-05,0.359191,0.00803315,2032
2.0,9,8,1.9771626925594177,0.21197,0.000518527,4.1474e-05,0.358727,0.00805937,2032
2.0,9,16,1.9824995964876055,0.216039,0.00048809,4.2623e-05,0.358552,0.0080597,2032
2.0,9,32,2.126398524767607,0.210977,0.000514268,4.2631e-05,0.358958,0.00806708,2032
2.0,9,64,2.316769727986002,0.20805,0.000508058,4.3204e-05,0.358775,0.00804798,2032
2.0,9,128,0.0,0.150522,0.000505613,3.2542e-05,0.358723,0.00806013,2032
2.0,10,2,2.0005934753293673,0.4158,0.000486294,8.1296e-05,0.717828,0.00804962,2032
2.0,10,4,1.9938066273989294,0.418119,0.000493521,8.3155e-05,0.718356,0.00804749,2032
2.0,10,8,2.004520671500047,0.414286,0.000387025,8.091e-05,0.718055,0.00807595,2032
2.0,10,16,1.9824995964876055,0.411625,0.00044731,8.2341e-05,0.718441,0.00806976,2032
2.0,10,32,1.9352717508502575,0.41223,0.000510155,8.3119e-05,0.718689,0.00806186,2032
2.0,10,64,1.6613976513648114,0.407412,0.000511264,8.1718e-05,0.718463,0.00804392,2032
2.0,10,128,0.0,0.286088,0.000513302,7.0583e-05,0.718064,0.00803523,2032
2.0,11,2,2.0005934753293673,0.814184,0.000487987,0.000161009,1.39174,0.00712927,2032
2.0,11,4,2.000931077457216,0.813122,0.000387809,0.000160707,1.3345,0.00714424,2032
2.0,11,8,2.004520671500047,0.633077,0.000405853,0.000127552,1.11205,0.00617969,2032
2.0,11,16,2.01563535305394,0.630552,0.000395821,0.000118656,1.10585,0.00615157,2032
2.0,11,32,2.0335951535544172,0.628843,0.000399421,0.000121266,1.10283,0.006174,2032
2.0,11,64,2.0308668715312788,0.628512,0.000392395,0.000122357,1.10164,0.00616021,2032
2.0,11,128,2.2547944291576973,0.799942,0.000515057,0.000166045,1.29007,0.00645148,2032
2.0,12,2,2.0005934753293673,1.25624,0.000371608,0.000243551,2.21395,0.00619528,2032
2.0,12,4,2.000931077457216,1.24846,0.000337183,0.000248457,2.21201,0.00614822,2032
2.0,12,8,1.99767952057635,1.24338,0.000375088,0.000243893,2.22137,0.00616744,2032
2.0,12,16,1.999114185118778,1.24133,0.000398001,0.000245704,2.21553,0.00616585,2032
2.0,12,32,1.985182211408842,1.25222,0.000395668,0.000246133,2.21178,0.00614904,2032
2.0,12,64,2.0308668715312788,1.23402,0.000404562,0.000252174,2.2131,0.00619327,2032
2.0,12,128,2.2547944291576973,1.58151,0.000518075,0.000317728,2.21994,0.00619953,2032
4.0,6,2,4.143134726391533,0.0402821,0.000370767,5.649e-06,0.0357499,0.00613114,2032
4.0,6,4,4.110873864173311,0.040038,0.00037554,5.433e-06,0.0357592,0.00611156,2032
4.0,6,8,4.04305126783455,0.0416727,0.000462399,6.708e-06,0.0362654,0.00614074,2032
4.0,6,16,3.8918202981106265,0.0408645,0.000456425,6.388e-06,0.0366577,0.00615932,2032
4.0,6,32,3.4965075614664802,0.0393956,0.000493656,6.803e-06,0.0368174,0.0061477,2032
4.0,6,64,0.0,0.035216,0.000459624,2.153e-06,0.0373633,0.0061754,2032
4.0,7,2,4.143134726391533,0.0682541,0.000495823,1.2455e-05,0.0912592,0.00807964,2032
4.0,7,4,4.110873864173311,0.0595704,0.000379342,9.232e-06,0.0696029,0.00617042,2032
4.0,7,8,4.04305126783455,0.0667731,0.000510701,1.2309e-05,0.0909317,0.00802671,2032
4.0,7,16,3.8918202981106265,0.0594619,0.00039285,9.253e-06,0.0696554,0.0061523,2032
4.0,7,32,4.574710978503383,0.0641935,0.00050848,1.2173e-05,0.0909569,0.00806259,2032
4.0,7,64,4.174387269895637,0.0591456,0.00051387,1.6771e-05,0.0911257,0.00802558,2032
4.0,7,128,0.0,0.0512975,0.000512605,2.505e-06,0.0912164,0.00805476,2032
4.0,8,2,3.9160150266976834,0.115874,0.000383121,2.1436e-05,0.180023,0.00806797,2032
4.0,8,4,4.110873864173311,0.115294,0.00048679,2.1955e-05,0.179854,0.0080392,2032
4.0,8,8,4.04305126783455,0.113764,0.0005233,2.221e-05,0.17982,0.00811121,2032
4.0,8,16,3.8918202981106265,0.110775,0.000507091,2.2e-05,0.180017,0.00808106,2032
4.0,8,32,3.9951379121386528,0.112643,0.000516648,2.225e-05,0.179827,0.00806793,2032
4.0,8,64,4.174387269895637,0.100115,0.000517249,2.2005e-05,0.179811,0.00805318,2032
4.0,8,128,4.859812404361672,0.102417,0.000511912,2.2889e-05,0.179899,0.00806456,2032
4.0,9,2,4.02336559276352,0.215045,0.000489011,4.2506e-05,0.358605,0.00804143,2032
4.0,9,4,3.9869243136012638,0.216849,0.000492541,4.2453e-05,0.35874,0.00804659,2032
4.0,9,8,4.04305126783455,0.214929,0.000490436,4.2198e-05,0.358755,0.0080772,2032
4.0,9,16,4.062903036387282,0.215383,0.00050526,4.2273e-05,0.359004,0.00803328,2032
4.0,9,32,3.9951379121386528,0.20736,0.000509963,4.2148e-05,0.358437,0.00805005,2032
4.0,9,64,4.174387269895637,0.18418,0.000512402,4.1931e-05,0.359364,0.00805371,2032
4.0,9,128,3.7765850345330416,0.199772,0.000514079,4.2881e-05,0.358933,0.00806038,2032
4.0,10,2,4.02336559276352,0.41618,0.000390683,8.1516e-05,0.718011,0.00804992,2032
4.0,10,4,3.9869243136012638,0.415296,0.000389549,8.0742e-05,0.71817,0.00804405,2032
4.0,10,8,3.97472159964371,0.41428,0.000514628,8.1176e-05,0.718056,0.00805451,2032
4.0,10,16,3.9753107446640645,0.444856,0.00048893,8.2112e-05,0.718818,0.00806262,2032
4.0,10,32,3.9951379121386528,0.400566,0.000508734,8.5662e-05,0.718176,0.00807551,2032
4.0,10,64,3.9274588135579855,0.408102,0.000517295,8.319e-05,0.718686,0.00807789,2032
4.0,10,128,3.7765850345330416,0.384548,0.00050769,8.1355e-05,0.71781,0.00805639,2032
4.0,11,2,3.995469477128428,0.815061,0.000494492,0.000163167,1.3324,0.00714455,2032
4.0,11,4,3.9869243136012638,0.813722,0.000440135,0.000161809,1.2962,0.00646412,2032
4.0,11,8,4.008434506929691,0.816528,0.000515072,0.000163433,1.4402,0.00806711,2032
4.0,11,16,4.0185552481387345,0.629737,0.000289979,0.000123925,1.10171,0.00612274,2032
4.0,11,32,3.9951379121386528,0.783147,0.000515102,0.000161226,1.3472,0.00711649,2032
4.0,11,64,4.051273307986567,0.625498,0.000396713,0.000124397,1.23109,0.00712324,2032
4.0,11,128,4.080614369410199,0.619893,0.000394904,0.000121442,1.10177,0.00615534,2032
4.0,12,2,3.995469477128428,1.61337,0.000487807,0.000324013,2.22855,0.00621669,2032
4.0,12,4,4.001683452690352,1.24533,0.000338618,0.000246982,2.21494,0.00618592,2032
4.0,12,8,4.008434506929691,1.24145,0.000392627,0.000246989,2.22499,0.00615821,2032
4.0,12,16,3.9968002501837945,1.24284,0.000381076,0.000244384,2.22987,0.00615041,2032
4.0,12,32,3.9951379121386528,1.19338,0.000399706,0.000248953,2.21293,0.00615504,2032
4.0,12,64,3.9895130071690437,1.23861,0.000391222,0.000245682,2.21704,0.00616358,2032
4.0,12,128,3.9335292106491098,1.59986,0.000512661,0.000315837,2.2499,0.00620291,2032
